Date,Sleep Score,Total Sleep Score,REM Sleep Score,Deep Sleep Score,Sleep Efficiency Score,Restfulness Score,Sleep Latency Score,Sleep Timin Score,Total Sleep Duration,Total Bedtime ,Awake Time,REM Sleep Duration,Light Sleep Duration,Deep Sleep Duration,Restless Sleep,Sleep Efficiency,Sleep Latency,Sleep Timing,Bedtime Start,Bedtime End,Average Resting Heart Rate,Lowest Resting Heart Rate,Average HRV,Temperature Deviation (Â°C),Temperature Trend Deviation,Respiratory Rate,Activity Score,Stay Active Score,Move Every Hour Score,Meet Daily Targets Score,Training Frequency Score,Training Volume Score,Activity Burn,Total Burn,Steps,Equivalent Walking Distance,Inactive Time,Rest Time,Low Activity Time,Medium Activity Time,High Activity Time,Non-wear Time,Average MET,Long Periods of Inactivity,Readiness Score,Previous Night Score,Sleep Balance Score,Previous Day Activity Score,Activity Balance Score,Temperature Score,Resting Heart Rate Score,HRV Balance Score,Recovery Index Score
12/28/21,71,74,50,94,69,57,86,65,26520,33360,6840,3810,16530,6180,38,79,630,15840,2021-12-27T23:45:10-05:00,2021-12-28T09:01:10-05:00,51.92,48,65,-0.24,None,12.125,57,100,100,1,40,23,104,2222,2253,1352,11700,29700,8280,60,0,36660,1.1875,0,75,71,64,None,99,95,83,76,72
12/29/21,61,57,33,76,65,58,94,51,21960,28380,6420,2580,14340,5040,35,77,810,13380,2021-12-29T00:54:09-05:00,2021-12-29T08:47:09-05:00,53.44,50,59,-0.1,0.05,12.25,58,100,100,1,40,28,227,2352,4792,3877,16140,36480,11880,480,0,21420,1.25,0,69,56,60,None,98,100,48,76,100
12/30/21,70,72,55,90,79,56,78,63,25770,30900,5130,4200,15660,5910,37,83,420,15600,2021-12-29T23:52:01-05:00,2021-12-30T08:27:01-05:00,54.15,48,61,-0.08,0.03,12.5,62,71,100,1,71,61,444,2682,9472,7366,35280,31200,11940,3960,0,4020,1.4375,0,74,70,62,100,96,100,66,76,73
12/31/21,71,74,42,88,81,59,83,73,26310,31140,4830,3240,17280,5790,34,84,570,16140,2021-12-30T23:22:52-05:00,2021-12-31T08:01:52-05:00,52.42,47,61,-0.04,0.03,11.75,67,63,100,1,96,84,386,2622,8564,6558,38820,31740,10080,3300,0,2460,1.40625,0,75,71,65,87,99,100,85,76,52
1/1/22,77,83,89,88,72,57,91,60,28830,35880,7050,6750,16350,5730,36,80,1050,18600,2021-12-31T23:08:29-05:00,2022-01-01T09:06:29-05:00,52.39,47,57,0.11,0.1,12,71,82,100,1,96,95,383,2579,8255,6634,29520,40140,12180,2820,0,1740,1.375,0,80,80,71,84,100,96,94,75,62
1/2/22,69,86,56,10,86,66,94,47,29490,34380,4890,4290,24510,690,25,86,780,17250,2022-01-01T23:57:41-05:00,2022-01-02T09:30:41-05:00,52.82,48,59,0.03,0.12,13.25,73,100,100,1,96,86,141,2284,2767,1892,17820,35520,9840,240,0,22980,1.21875,0,71,68,77,None,99,100,59,74,42
1/3/22,66,76,55,90,53,52,48,67,27000,37440,10440,4170,16920,5910,42,72,2010,18780,2022-01-02T22:52:14-05:00,2022-01-03T09:16:14-05:00,53.6,48,63,-0.1,0.05,12.125,74,100,100,1,96,95,306,2374,4905,5353,4020,37140,4140,2400,420,38280,1.28125,0,78,63,79,100,97,100,86,76,43
1/4/22,74,87,64,63,81,49,89,68,29940,35520,5580,4890,20880,4170,44,84,660,17610,2022-01-03T23:09:55-05:00,2022-01-04T09:01:55-05:00,53,47,58,0.1,0.09,11.875,72,100,100,1,96,81,35,2100,776,546,12120,30300,2100,120,0,41760,1.125,0,83,76,85,None,99,95,86,75,84
1/5/22,61,65,48,56,72,56,72,45,23940,29820,5880,3660,16560,3720,40,80,300,14730,2022-01-05T00:43:36-05:00,2022-01-05T09:00:36-05:00,53.02,48,60,0.22,0.2,11.75,69,100,100,1,96,64,150,2278,2944,2467,16920,32520,7740,300,60,28860,1.21875,0,77,55,81,None,97,84,78,75,80
1/6/22,70,84,42,66,81,55,81,49,28890,34560,5670,3210,21330,4350,38,84,510,18000,2022-01-05T23:39:47-05:00,2022-01-06T09:15:47-05:00,53.46,50,59,0.04,0.21,12,65,100,100,1,71,51,176,2282,3652,3217,13200,30660,6900,600,0,35040,1.21875,0,82,69,85,96,96,100,69,75,100
1/7/22,66,74,59,68,74,52,81,41,26400,32460,6060,4470,17460,4470,43,81,1290,16020,2022-01-07T00:30:25-05:00,2022-01-07T09:31:25-05:00,51.67,46,60,-0.1,0.12,12,61,100,100,1,40,44,190,2302,4218,3292,11400,34200,8700,780,0,31320,1.25,0,80,63,84,96,95,100,100,75,41
1/8/22,68,67,70,98,81,55,70,44,24450,29100,4650,5340,11310,7800,38,84,240,14160,2022-01-08T00:55:01-05:00,2022-01-08T09:00:01-05:00,52.02,46,63,0.08,0.12,12.125,59,100,100,1,40,35,275,2423,5817,4939,11580,32520,14640,300,0,27360,1.3125,0,81,66,81,98,94,97,86,77,68
1/9/22,70,71,53,96,90,52,72,58,25680,29220,3540,4080,14700,6900,43,88,300,14160,2022-01-09T00:25:38-05:00,2022-01-09T08:32:38-05:00,51.12,46,64,-0.17,0.06,11.75,65,100,100,1,71,56,319,2418,2901,5319,6360,32220,7140,2220,60,38400,1.3125,0,85,69,80,100,95,99,86,79,100
1/10/22,66,58,58,94,55,56,70,90,22230,30660,8430,4410,11670,6150,41,73,240,13650,2022-01-09T23:31:00-05:00,2022-01-10T08:02:00-05:00,49.8,45,72,-0.25,-0.03,12,61,100,100,1,40,47,3,2046,71,33,2940,26700,60,0,0,56700,1.125,0,84,63,74,None,96,96,100,84,100
1/11/22,62,64,57,68,65,60,67,51,23700,30900,7200,4350,14850,4500,36,77,210,15480,2022-01-11T00:18:34-05:00,2022-01-11T08:53:34-05:00,50.98,46,59,-0.42,-0.19,12.375,60,100,100,1,40,41,63,2148,1381,753,8580,30900,4980,60,0,41880,1.15625,0,78,57,70,None,96,91,95,82,84
1/12/22,63,64,48,64,69,46,94,65,23880,30180,6300,3630,15990,4260,51,79,990,14940,2022-01-11T23:59:02-05:00,2022-01-12T08:22:02-05:00,53.49,49,56,-0.48,-0.32,12.125,59,100,100,1,40,33,18,2063,369,301,2100,28680,1200,0,0,54420,1.125,0,69,58,67,100,91,89,69,80,16
1/13/22,71,74,72,79,72,56,94,53,26340,33120,6780,5430,15690,5220,42,80,1020,15510,2022-01-13T00:14:58-05:00,2022-01-13T09:26:58-05:00,52.65,49,56,0,-0.19,12,58,100,100,1,40,26,26,2071,580,374,4500,32160,1800,60,0,47880,1.125,0,77,71,68,None,94,100,70,78,100
1/14/22,68,71,67,74,65,53,89,54,25740,33480,7740,5070,15780,4890,45,77,1140,16050,2022-01-14T00:03:20-05:00,2022-01-14T09:21:20-05:00,52.78,48,59,-0.29,-0.14,12.25,56,100,100,1,40,14,12,2054,314,180,1560,31080,840,0,0,52920,1.125,0,76,66,68,None,95,95,71,77,100
1/15/22,66,81,68,60,72,52,67,31,28140,35160,7020,5130,19020,3990,43,80,180,16800,2022-01-15T00:37:01-05:00,2022-01-15T10:23:01-05:00,52.86,45,61,-0.33,-0.18,12.75,67,100,100,1,71,69,460,2523,590,7723,3720,35160,1860,4140,0,41520,1.34375,0,80,63,72,None,94,94,89,77,100
1/16/22,70,75,66,97,65,54,72,53,26610,34440,7830,5010,14100,7500,40,77,330,15630,2022-01-16T00:12:09-05:00,2022-01-16T09:46:09-05:00,50.13,45,67,-0.18,-0.18,11.875,64,100,100,1,40,64,83,2168,1838,1240,12840,34560,4920,180,0,33900,1.15625,0,84,69,74,None,97,99,98,81,100
1/17/22,63,61,49,82,51,50,97,61,22890,32460,9570,3780,13740,5370,42,71,960,15330,2022-01-17T00:00:13-05:00,2022-01-17T09:01:13-05:00,50.11,46,63,-0.24,-0.1,11.875,63,100,100,1,40,58,55,2126,1091,746,5700,29460,3360,120,0,47760,1.15625,0,81,58,70,100,92,97,100,82,86
1/18/22,61,62,38,69,81,51,78,49,23220,27780,4560,2940,15720,4560,47,84,420,13170,2022-01-18T01:00:02-05:00,2022-01-18T08:43:02-05:00,50.84,46,64,-0.25,-0.05,12,61,100,100,1,40,49,9,2079,210,127,960,17700,780,0,0,66960,1.15625,0,79,55,67,None,92,96,96,83,100
1/20/22,69,77,95,92,72,45,46,51,27270,33900,6630,7170,14040,6060,38,80,2070,16860,2022-01-19T23:55:03-05:00,2022-01-20T09:20:03-05:00,51.8,47,55,-0.3,-0.08,12.375,58,100,100,1,40,28,72,2191,1483,750,16860,32100,4920,120,0,32400,1.1875,0,80,68,69,None,96,95,88,79,100
1/21/22,54,59,33,74,55,51,48,47,22530,30840,8310,2550,15090,4890,45,73,2010,15480,2022-01-21T00:27:28-05:00,2022-01-21T09:01:28-05:00,50.81,47,60,-0.25,-0.07,11.875,57,100,100,1,40,19,38,2095,735,611,4980,28860,2220,180,0,50160,1.125,0,75,44,65,None,95,96,88,79,100
1/22/22,64,64,60,73,55,58,99,40,23670,32400,8730,4620,14250,4800,35,73,900,15060,2022-01-22T00:47:05-05:00,2022-01-22T09:47:05-05:00,52.07,47,61,-0.22,-0.04,12.25,51,100,100,1,1,8,25,2073,492,373,4980,31500,1500,120,0,48300,1.125,0,76,60,62,None,95,97,88,79,97
1/23/22,66,68,55,98,65,56,83,38,24930,32280,7350,4170,12960,7800,43,77,540,16170,2022-01-23T00:32:01-05:00,2022-01-23T09:30:01-05:00,51.24,47,63,-0.36,-0.07,12.125,52,100,100,1,1,11,91,2170,1851,1278,8220,35820,5880,300,0,36180,1.15625,0,77,63,63,None,94,93,88,80,92
1/24/22,78,72,89,98,74,57,97,82,25920,31980,6060,6720,11370,7830,37,81,930,15960,2022-01-23T23:09:03-05:00,2022-01-24T08:02:03-05:00,51.14,46,60,-0.25,-0.09,12.125,51,100,100,1,1,9,5,2046,112,52,2640,26940,240,0,0,56580,1.125,0,81,82,65,None,94,96,88,80,100
1/26/22,70,61,64,97,69,70,83,73,22920,29160,6240,4890,10950,7080,26,79,540,12660,2022-01-26T00:21:04-05:00,2022-01-26T08:27:04-05:00,52.14,46,60,-0.41,-0.14,11.625,51,100,100,1,1,7,25,2074,509,398,3240,29700,1440,0,0,52020,1.125,0,73,69,64,None,94,91,96,80,34
1/27/22,72,65,66,96,67,67,97,70,24030,30720,6690,5010,12090,6930,35,78,870,14340,2022-01-27T00:00:00-05:00,2022-01-27T08:32:00-05:00,51.12,45,64,-0.11,-0.06,11.625,51,100,100,1,1,8,54,2131,1086,789,6540,28440,2700,180,0,48540,1.15625,0,80,72,63,None,95,100,88,82,100
1/28/22,70,69,71,96,65,53,91,50,25200,32640,7440,5370,13080,6750,43,77,1080,16680,2022-01-28T00:00:56-05:00,2022-01-28T09:04:56-05:00,51.17,45,62,-0.06,0.03,11.75,55,100,100,1,1,36,354,2559,4048,5560,15180,28560,15360,2280,0,25020,1.375,0,77,69,64,None,95,100,100,83,56
1/29/22,68,71,56,90,79,52,97,31,25530,30720,5190,4290,15300,5940,46,83,840,14580,2022-01-29T01:13:02-05:00,2022-01-29T09:45:02-05:00,53.64,48,67,-0.19,0.06,12.125,55,100,100,1,1,33,3,2033,90,19,1560,31020,240,0,0,53580,1.09375,0,77,66,65,98,98,99,69,85,79
1/30/22,70,79,75,97,72,53,75,27,27660,34500,6840,5700,14520,7440,40,80,360,16110,2022-01-30T00:56:59-05:00,2022-01-30T10:31:59-05:00,50.98,46,69,0.04,0.13,12,66,100,100,1,40,79,445,2530,1258,6508,16200,36360,4560,60,1800,27420,1.34375,0,83,69,69,None,98,100,96,87,100
1/31/22,71,71,58,97,83,63,67,59,25650,30120,4470,4410,14190,7050,34,85,180,14700,2022-01-31T00:16:01-05:00,2022-01-31T08:38:01-05:00,53.55,49,66,-0.08,0.14,12.125,65,100,100,1,40,73,34,2077,608,594,2460,28440,960,300,0,54240,1.125,0,79,70,70,81,96,100,70,87,94
2/1/22,64,72,48,74,44,59,97,38,25770,37680,11910,3720,17160,4890,39,68,930,17490,2022-02-01T00:10:59-05:00,2022-02-01T10:38:59-05:00,52.6,48,64,-0.22,0.07,12,64,100,100,1,40,63,38,2074,842,538,5700,41580,2880,60,0,36180,1.09375,0,80,59,71,None,99,97,80,87,100
2/2/22,70,77,66,49,76,57,75,78,27300,33480,6180,5010,19020,3270,39,82,390,16110,2022-02-01T23:14:01-05:00,2022-02-02T08:32:01-05:00,52.08,47,62,0.01,0.09,12,61,100,95,1,40,52,38,2106,684,457,12360,31980,2040,120,0,39900,1.125,1,82,69,74,None,100,100,80,87,100
2/3/22,67,72,84,81,67,64,20,70,25890,33300,7410,6360,14220,5310,32,78,2880,16890,2022-02-02T23:16:16-05:00,2022-02-03T08:31:16-05:00,50.58,44,57,-0.12,0.09,11.75,60,100,100,1,40,40,34,2102,621,524,4200,24720,1980,60,0,55440,1.15625,0,79,64,75,None,98,100,100,85,53
2/4/22,72,76,80,95,81,64,83,21,26880,31980,5100,6030,14610,6240,33,84,1260,16110,2022-02-04T01:19:03-05:00,2022-02-04T10:12:03-05:00,50.33,45,59,-0.06,0.09,12.25,58,100,100,1,40,26,10,2055,252,131,5580,32520,720,0,0,47580,1.09375,0,84,72,77,None,98,100,88,84,100
2/5/22,58,57,42,59,55,59,94,42,21960,30120,8160,3240,14850,3870,36,73,810,13650,2022-02-05T01:07:59-05:00,2022-02-05T09:29:59-05:00,52.12,48,59,-0.22,0.03,12.375,56,100,95,1,40,18,45,2105,916,715,10500,31080,1560,300,0,42960,1.125,1,78,50,71,100,92,97,79,82,93
2/6/22,71,86,80,72,72,52,91,20,29610,37020,7410,6030,18840,4740,46,80,720,17820,2022-02-06T00:58:51-05:00,2022-02-06T11:15:51-05:00,52.53,46,64,0.23,0.16,11.75,51,100,100,1,1,7,48,2114,949,581,9300,36180,3180,0,0,37740,1.125,0,82,70,76,None,97,85,79,83,100
2/7/22,47,46,20,55,53,48,81,33,19050,26400,7350,1620,13770,3660,47,72,480,14430,2022-02-07T01:11:22-05:00,2022-02-07T08:31:22-05:00,52.29,48,57,-0.03,0.19,13.5,51,100,100,1,1,8,21,2065,450,308,5220,29880,840,120,0,50340,1.125,0,62,32,66,None,96,100,70,80,25
2/8/22,67,68,64,77,65,61,64,66,24900,32460,7560,4830,14970,5100,37,77,1650,15420,2022-02-07T23:49:48-05:00,2022-02-08T08:50:48-05:00,55.84,50,55,-0.15,0.12,12,51,100,100,1,1,9,32,2072,637,578,3420,31320,1080,180,0,50400,1.125,0,72,64,65,100,90,100,62,77,67
2/9/22,65,63,52,78,60,55,78,76,23550,31380,7830,4020,14370,5160,39,75,450,14100,2022-02-08T23:51:05-05:00,2022-02-09T08:34:05-05:00,52.42,46,59,-0.21,0.01,12,51,100,100,1,1,7,11,2054,243,187,1980,28680,480,0,0,55260,1.125,0,75,61,63,None,96,98,90,76,77
2/10/22,66,71,61,73,65,62,72,51,25620,33420,7800,4680,16170,4770,37,77,300,15930,2022-02-10T00:11:33-05:00,2022-02-10T09:28:33-05:00,54.03,48,53,-0.08,0.01,12.125,72,100,95,25,40,81,548,2613,515,8040,9000,34260,1320,120,2400,39300,1.40625,1,74,62,64,None,96,100,81,73,86
2/11/22,70,73,72,72,67,55,97,56,26130,33360,7230,5430,15990,4710,38,78,840,16890,2022-02-10T23:45:13-05:00,2022-02-11T09:01:13-05:00,55.65,51,52,-0.07,0.04,11.875,70,80,95,25,40,91,314,2531,7011,5111,30420,26880,14340,1620,60,13080,1.375,1,70,69,65,None,99,100,54,69,82
2/12/22,54,68,63,60,55,55,29,16,24780,33720,8940,4770,16050,3960,41,73,2430,16470,2022-02-12T01:43:19-05:00,2022-02-12T11:05:19-05:00,57.41,50,49,0.47,0.28,12.25,72,100,100,25,40,85,133,2236,2776,2104,16560,36000,7560,360,0,25920,1.1875,0,60,43,65,89,97,65,38,64,100
2/13/22,57,58,39,67,74,53,75,30,22230,27600,5370,2970,14820,4440,44,81,1410,13200,2022-02-13T01:38:55-05:00,2022-02-13T09:18:55-05:00,55.78,52,57,0.08,0.34,12.25,71,100,100,25,40,72,37,2095,742,579,7860,30060,2520,0,0,45960,1.125,0,70,48,61,100,100,98,56,65,91
2/14/22,59,55,65,74,62,56,64,46,21270,28080,6810,4980,11370,4920,42,76,1680,13950,2022-02-14T00:54:32-05:00,2022-02-14T08:42:32-05:00,52.97,47,60,0.02,0.28,11.875,69,100,100,25,40,57,13,2048,234,203,2340,29580,240,120,0,54120,1.09375,0,73,51,56,100,96,100,84,67,88
2/15/22,64,68,75,45,60,50,91,57,24780,33120,8340,5700,16080,3000,46,75,1050,15660,2022-02-15T00:03:39-05:00,2022-02-15T09:15:39-05:00,51.54,47,58,-0.17,0.1,12.125,66,100,100,25,40,38,43,2102,941,647,5040,29760,3240,0,0,48360,1.125,0,69,59,56,None,96,99,93,69,56
2/16/22,61,57,43,75,72,57,89,42,21960,27420,5460,3300,13710,4950,38,80,660,13830,2022-02-16T01:03:49-05:00,2022-02-16T08:40:49-05:00,53.99,49,58,-0.07,0.05,11.75,82,100,100,43,71,97,843,2915,351,13321,2280,32280,720,5940,0,45180,1.5625,0,63,54,53,None,100,100,75,70,38
2/17/22,75,78,93,89,69,54,75,68,27510,34860,7350,7050,14610,5850,39,79,360,16650,2022-02-16T23:24:45-05:00,2022-02-17T09:05:45-05:00,55.71,50,49,-0.2,0,11.875,75,100,100,25,40,96,227,2319,4745,4114,12480,31020,5700,1560,60,35580,1.25,0,69,77,58,None,97,98,40,66,100
2/18/22,62,67,68,78,58,53,67,32,24480,33120,8640,5160,14160,5160,41,74,1590,15600,2022-02-18T00:54:47-05:00,2022-02-18T10:06:47-05:00,55.38,50,53,-0.15,-0.01,12.375,82,100,100,43,71,98,536,2649,912,8226,11280,33960,2940,2220,1380,34620,1.4375,0,70,56,58,94,97,100,59,66,90
2/19/22,54,63,56,56,55,49,35,41,23370,31800,8430,4260,15390,3720,49,73,2340,16050,2022-02-19T00:28:00-05:00,2022-02-19T09:18:00-05:00,55.5,49,66,0.1,0.07,12,82,100,100,43,71,97,60,2149,1157,836,12300,31800,3900,60,0,38340,1.15625,0,61,43,58,None,96,96,78,72,16
2/20/22,64,68,47,96,62,52,78,41,24840,32700,7860,3600,14370,6870,43,76,450,14190,2022-02-20T00:59:57-05:00,2022-02-20T10:04:57-05:00,51.19,47,73,-0.16,0.08,12.5,82,99,100,43,71,96,117,2252,2439,1597,18780,32940,8340,240,0,26100,1.21875,0,75,59,59,None,98,100,78,81,100
2/21/22,54,56,32,64,60,52,67,46,21780,28860,7080,2490,15060,4230,40,75,180,14820,2022-02-21T00:39:35-05:00,2022-02-21T08:40:35-05:00,51.81,47,60,-0.16,0.04,12.125,81,100,95,43,71,89,22,2085,514,270,9000,28320,1380,60,0,47640,1.125,1,73,43,56,97,98,99,100,81,54
2/22/22,60,68,58,44,67,55,70,42,24840,31860,7020,4440,17490,2910,40,78,1530,16080,2022-02-22T00:27:00-05:00,2022-02-22T09:18:00-05:00,52.55,48,53,-0.24,-0.02,12,76,100,100,43,71,58,73,2144,1562,1029,10560,36060,5040,0,0,34740,1.15625,0,73,53,57,None,100,97,86,79,84
2/23/22,68,71,41,72,62,63,89,70,25560,33420,7860,3150,17670,4740,33,76,660,16950,2022-02-22T23:15:56-05:00,2022-02-23T08:32:56-05:00,51.55,47,64,0.14,0.09,12.125,67,100,100,25,40,46,173,2281,4009,3023,9300,24360,3540,1740,0,47460,1.25,0,80,66,59,100,95,93,95,83,87
2/24/22,59,62,62,54,69,54,83,23,23190,29520,6330,4710,14880,3600,43,79,570,14160,2022-02-24T01:39:44-05:00,2022-02-24T09:51:44-05:00,51.65,47,62,-0.18,0.1,12.5,65,100,100,25,40,34,94,2215,2031,1265,17760,31980,6540,60,0,30060,1.1875,0,78,51,58,100,98,99,86,85,100
2/25/22,57,60,49,60,55,43,78,49,22650,31140,8490,3750,14940,3960,51,73,420,14430,2022-02-25T00:40:56-05:00,2022-02-25T09:19:56-05:00,65.43,57,41,1.36,0.67,14,54,97,100,1,1,28,133,2236,2739,2331,20640,32160,5760,420,0,27420,1.21875,0,37,48,56,100,95,1,6,73,100
2/26/22,60,79,71,49,53,60,24,35,27570,38160,10590,5370,18930,3270,37,72,2580,20550,2022-02-25T23:26:25-05:00,2022-02-26T10:02:25-05:00,54.32,47,58,0.52,0.89,12.375,51,77,100,1,1,27,112,2238,2458,1955,21900,21960,5880,240,0,36420,1.21875,0,72,53,62,None,96,60,96,74,71
2/28/22,62,62,42,64,62,58,89,59,23310,30480,7170,3240,15810,4260,35,76,1140,15270,2022-02-28T00:05:15-05:00,2022-02-28T08:33:15-05:00,49.13,45,64,0.07,0.69,12.375,52,100,100,1,1,15,35,2095,670,486,5340,28680,1920,60,0,50400,1.125,0,75,56,60,100,93,99,100,78,57
3/1/22,65,75,38,67,69,53,86,43,26550,33720,7170,2910,19230,4410,41,79,630,16110,2022-03-01T00:23:29-05:00,2022-03-01T09:45:29-05:00,50.68,46,63,-0.21,0.23,12.375,52,100,100,1,1,12,82,2167,1693,1274,7320,28020,4980,120,0,45960,1.1875,0,80,61,64,None,95,98,100,81,100
3/2/22,54,56,30,79,72,45,72,27,21630,27120,5490,2310,14100,5220,49,80,300,12900,2022-03-02T01:50:02-05:00,2022-03-02T09:22:02-05:00,50.89,47,62,-0.28,0,11.75,51,100,100,1,1,7,48,2121,1033,640,5520,30120,3360,60,0,47340,1.15625,0,73,43,60,None,94,95,86,83,93
3/3/22,66,71,79,71,62,53,72,47,25470,33600,8130,6000,14820,4650,46,76,330,15180,2022-03-03T00:31:46-05:00,2022-03-03T09:51:46-05:00,53.39,49,63,-0.15,-0.03,12.25,63,100,100,1,40,59,389,2455,591,5605,5580,32100,2520,60,1440,44700,1.3125,0,74,62,61,None,94,100,86,85,73
3/4/22,66,76,61,58,81,48,83,34,26940,31920,4980,4650,18480,3810,44,84,570,15600,2022-03-04T00:50:05-05:00,2022-03-04T09:42:05-05:00,55.54,50,58,0.05,0.07,11.75,61,91,100,1,40,57,194,2415,3921,2526,25320,29940,14280,240,0,16620,1.3125,0,74,62,65,None,95,100,60,85,100
3/5/22,55,62,54,39,65,43,75,31,23160,30240,7080,4140,16410,2610,50,77,390,15000,2022-03-05T01:06:29-05:00,2022-03-05T09:30:29-05:00,55.48,51,60,-0.01,0.16,12.625,62,100,100,1,40,51,53,2094,1150,945,4560,37440,2880,0,0,41520,1.125,0,72,45,63,94,95,100,52,85,100
3/6/22,77,83,76,89,62,60,86,75,28740,37740,9000,5760,17130,5850,38,76,600,17670,2022-03-05T22:53:18-05:00,2022-03-06T09:22:18-05:00,54.91,49,61,0.14,0.23,11.875,61,100,100,1,40,43,16,2060,332,233,3240,30720,960,0,0,51480,1.125,0,82,80,69,None,95,93,80,85,100
3/7/22,54,56,40,52,51,48,70,55,21690,30360,8670,3090,15120,3480,45,71,270,15450,2022-03-07T00:10:00-05:00,2022-03-07T08:36:00-05:00,52.06,44,60,-0.05,0.2,12.875,78,100,100,25,71,96,646,2703,215,9545,1080,29040,300,60,2880,53040,1.46875,0,73,42,64,None,95,100,80,85,88
3/8/22,61,62,33,52,72,54,97,59,23340,29340,6000,2580,17280,3480,43,80,840,14250,2022-03-08T00:23:56-05:00,2022-03-08T08:32:56-05:00,53.13,49,61,-0.33,0.04,12,78,100,100,25,71,95,31,2097,671,496,9060,27960,1740,60,0,47580,1.125,0,71,54,62,None,95,94,80,85,59
3/9/22,63,64,76,57,72,47,81,51,23670,29640,5970,5760,14130,3780,46,80,480,15390,2022-03-09T00:19:58-05:00,2022-03-09T08:33:58-05:00,52.67,47,57,-0.05,0,11.875,76,100,100,25,71,85,42,2087,835,629,9360,33360,1800,300,0,41580,1.125,0,76,57,61,100,91,100,98,84,57
3/10/22,67,71,63,79,58,51,78,69,25650,34560,8910,4800,15630,5220,42,74,450,14730,2022-03-09T23:54:39-05:00,2022-03-10T09:30:39-05:00,51.38,47,53,-0.1,0.03,12.125,72,100,100,25,40,75,217,2347,4641,3768,8280,26760,9960,780,0,40620,1.28125,0,78,64,63,None,95,100,89,81,100
3/11/22,41,23,14,49,58,53,64,62,12240,16620,4380,1080,7890,3270,39,74,1680,8790,2022-03-11T01:48:04-05:00,2022-03-11T06:25:04-05:00,52.56,49,54,-0.26,0,11.625,69,100,100,25,40,61,40,2126,645,628,2460,13920,1380,240,0,68400,1.1875,0,54,21,44,None,96,96,89,78,1
3/13/22,59,61,39,88,58,58,86,16,22890,30840,7950,3000,14070,5820,40,74,630,13560,2022-03-13T02:33:24-04:00,2022-03-13T11:07:24-04:00,51.66,48,54,-0.35,-0.17,12.25,64,100,100,25,40,26,20,2040,419,330,7740,39300,1260,0,0,38100,1.09375,0,63,51,24,None,88,93,90,72,100
3/14/22,65,63,45,72,72,58,97,61,23610,29460,5850,3480,15420,4710,39,80,930,14160,2022-03-14T00:21:16-04:00,2022-03-14T08:32:16-04:00,51.28,45,61,0.19,0,12.375,52,100,100,1,1,12,33,2073,646,563,5040,32940,1620,120,0,46680,1.125,0,61,60,28,None,87,89,100,74,39
3/15/22,61,98,96,32,46,48,1,22,33030,48120,15090,7500,23340,2190,45,69,7650,26700,2022-03-14T22:15:01-04:00,2022-03-15T11:37:01-04:00,51.14,45,51,0.31,0.26,12.375,52,100,100,1,1,11,49,2079,982,732,3780,40680,2640,180,0,39120,1.125,0,65,54,45,None,93,79,100,71,45
3/16/22,51,59,24,64,44,54,35,56,22350,32760,10410,1890,16200,4260,40,68,2340,16590,2022-03-15T23:50:59-04:00,2022-03-16T08:56:59-04:00,49.55,45,58,0.17,0.37,11.75,52,100,100,1,1,10,39,2105,833,648,9360,28020,1860,180,0,46980,1.15625,0,68,37,46,None,92,90,100,73,87
3/17/22,68,82,83,75,69,53,64,21,28500,36000,7500,6300,17250,4950,40,79,150,17760,2022-03-17T00:54:33-04:00,2022-03-17T10:54:33-04:00,51.92,47,47,0.1,0.32,12.375,51,100,100,1,1,8,48,2098,1004,651,5640,37920,3600,60,0,39180,1.125,0,74,65,55,100,87,96,78,67,100
3/18/22,65,67,54,92,60,63,67,47,24510,32640,8130,4140,14310,6060,35,75,180,14700,2022-03-18T00:40:28-04:00,2022-03-18T09:44:28-04:00,49.63,45,65,-0.03,0.21,12,52,89,100,1,1,21,175,2328,3785,2854,27900,26940,8280,960,0,22320,1.25,0,76,60,58,None,91,100,100,74,100
3/21/22,69,76,68,68,76,62,75,47,26910,32940,6030,5220,17190,4500,34,82,390,16650,2022-03-21T00:06:16+01:00,2022-03-21T09:15:16+01:00,52.69,48,49,0.03,0.17,11.75,74,100,100,25,40,99,37,2120,690,534,11820,29280,2280,60,0,42960,1.15625,0,74,67,67,None,85,100,78,67,91
3/22/22,63,65,70,81,55,50,81,40,24030,33060,9030,5310,13410,5310,42,73,480,15930,2022-03-22T00:32:20+01:00,2022-03-22T09:43:20+01:00,50.7,46,47,0.02,0.16,12,72,85,95,25,40,99,211,2329,4885,3756,25860,29760,5100,1860,0,23820,1.25,1,75,57,66,None,89,100,95,62,100
3/23/22,53,39,35,62,79,53,72,63,17280,20700,3420,2730,10440,4110,39,83,330,10260,2022-03-23T01:22:01+01:00,2022-03-23T07:07:01+01:00,48.85,46,54,-0.19,0.09,11.75,83,100,100,43,71,100,2252,4525,423,42384,5460,25080,6960,26880,0,22020,2.4375,0,68,41,53,91,89,99,100,64,59
3/24/22,64,51,18,97,60,88,70,85,20250,27000,6750,1440,11310,7500,33,75,240,13320,2022-03-23T23:46:08+01:00,2022-03-24T07:16:08+01:00,49.17,45,52,-0.32,-0.04,11.375,90,100,100,60,96,100,555,2695,5583,9842,14340,28560,7320,4560,60,31560,1.46875,0,54,59,47,26,1,94,98,64,59
3/25/22,53,30,16,73,76,64,70,93,0,300,300,0,0,0,None,0,0,0,2022-03-25T16:40:38-04:00,2022-03-25T16:45:38-04:00,70,70,42,-0.4,-0.18,11.625,83,34,95,78,96,100,486,2803,11185,8631,53340,10620,19320,2400,0,720,1.53125,1,54,41,34,93,15,91,94,69,45
3/26/22,74,85,77,59,67,54,81,72,29400,37620,8220,5850,19650,3900,40,78,480,17820,2022-03-25T22:57:01-04:00,2022-03-26T09:24:01-04:00,57.42,53,48,0.31,0.03,11.75,91,100,100,78,96,100,16,2046,358,230,4020,36540,720,60,0,45060,1.09375,0,55,75,44,54,16,79,41,65,100
3/27/22,71,72,54,93,69,51,83,79,25860,32640,6780,4110,15660,6090,43,79,1260,16410,2022-03-26T23:06:22-04:00,2022-03-27T08:10:22-04:00,60.1,55,57,0.58,0.41,11.875,87,100,100,60,71,99,13,2041,217,190,2880,32700,360,60,0,50400,1.09375,0,48,70,49,None,33,55,1,69,100
3/28/22,77,87,98,74,69,53,72,74,29730,37500,7770,8190,16620,4920,39,79,330,17910,2022-03-27T22:51:58-04:00,2022-03-28T09:16:58-04:00,54.73,49,57,0.03,0.45,12,86,100,100,60,71,96,30,2089,671,372,8760,32700,2520,0,0,42420,1.125,0,74,80,59,100,49,100,79,72,100
3/29/22,73,74,65,98,65,60,89,59,26490,34380,7890,4980,13800,7710,37,77,660,15750,2022-03-28T23:57:33-04:00,2022-03-29T09:30:33-04:00,55.63,51,58,0.01,0.28,11.75,81,100,100,60,71,62,31,2065,587,568,3480,34920,1500,0,0,46500,1.125,0,70,73,63,None,56,100,61,75,100
3/30/22,65,65,40,64,58,54,94,80,24060,32340,8280,3120,16680,4260,42,74,810,14970,2022-03-29T23:28:16-04:00,2022-03-30T08:27:16-04:00,56.86,50,57,0.07,0.19,12.5,68,100,100,43,40,23,36,2090,671,552,7500,32700,1980,120,0,44100,1.125,0,70,60,64,100,71,99,44,77,100
3/31/22,74,76,72,86,58,61,86,84,26850,36360,9510,5520,15720,5610,34,74,600,15600,2022-03-30T23:11:29-04:00,2022-03-31T09:17:29-04:00,52.49,48,57,0.06,0.2,11.875,58,100,100,25,1,8,56,2122,1218,794,6840,32280,4020,60,0,43200,1.15625,0,81,75,69,None,77,100,99,78,100
4/1/22,65,70,61,90,58,57,64,48,25440,34380,8940,4650,14850,5940,37,74,150,15810,2022-04-01T00:18:07-04:00,2022-04-01T09:51:07-04:00,52.65,48,61,-0.12,0.14,12.625,51,100,100,1,1,3,3,2028,79,8,1920,34140,240,0,0,50100,1.09375,0,77,60,70,None,84,100,81,82,100
4/2/22,63,72,49,70,55,49,72,53,25950,35400,9450,3780,17580,4590,44,73,330,15300,2022-04-02T00:18:29-04:00,2022-04-02T10:08:29-04:00,53.08,48,54,0,0.11,12.625,51,100,100,1,1,4,53,2126,1030,614,11940,32820,4020,60,0,37560,1.15625,0,74,57,71,None,89,100,72,81,87
4/3/22,75,81,85,93,76,79,64,24,28170,34320,6150,6450,15600,6120,40,82,150,16500,2022-04-03T00:55:32-04:00,2022-04-03T10:27:32-04:00,53.76,48,60,0.1,0.17,11.75,51,100,100,1,1,5,25,2073,538,298,9720,36360,900,120,0,39300,1.125,0,82,77,75,None,94,97,90,84,77
4/4/22,71,68,59,74,62,86,99,51,24780,32700,7920,4500,15390,4890,37,76,900,16080,2022-04-04T00:09:29-04:00,2022-04-04T09:14:29-04:00,54.31,49,59,0.16,0.26,12.25,62,100,100,1,40,54,340,2390,404,4967,1200,29880,960,60,1380,52920,1.28125,0,76,70,74,None,99,91,81,85,43
4/5/22,67,72,56,82,67,54,91,42,25800,33060,7260,4290,16140,5370,40,78,1080,16620,2022-04-05T00:17:02-04:00,2022-04-05T09:28:02-04:00,52.43,47,54,-0.04,0.23,11.875,62,100,100,1,40,50,8,2039,179,104,1860,33780,660,0,0,50100,1.09375,0,81,63,75,None,96,100,90,83,90
4/6/22,62,65,35,93,60,58,70,53,24150,32040,7890,2670,15390,6090,35,75,270,16530,2022-04-05T23:57:15-04:00,2022-04-06T08:51:15-04:00,51.64,47,59,-0.14,0.12,12,61,100,100,1,40,45,16,2055,265,333,660,28920,720,0,0,56100,1.125,0,77,55,73,None,93,100,90,85,71
4/7/22,63,79,68,51,62,52,70,21,27660,36240,8580,5130,19140,3390,42,76,270,18150,2022-04-07T00:46:14-04:00,2022-04-07T10:50:14-04:00,53.74,48,56,0.07,0.12,12.875,60,100,100,1,40,39,21,2049,370,364,2520,34500,840,60,0,48480,1.09375,0,77,57,76,None,91,99,90,84,69
4/8/22,67,69,54,93,76,51,97,31,25170,30720,5550,4110,14940,6120,43,82,840,15090,2022-04-08T01:04:30-04:00,2022-04-08T09:36:30-04:00,55.25,48,61,-0.04,0.13,11.875,59,100,100,1,40,30,6,2043,139,51,3360,31500,540,0,0,51000,1.09375,0,73,63,75,None,90,100,72,86,52
4/9/22,59,70,49,55,72,47,67,30,25290,31620,6330,3780,17850,3660,47,80,210,15750,2022-04-09T00:55:33-04:00,2022-04-09T09:42:33-04:00,56.52,51,59,0.15,0.21,12.5,57,100,100,1,40,19,29,2102,603,341,6660,27540,2160,0,0,50040,1.15625,0,68,50,74,None,90,92,54,86,56
4/10/22,72,79,93,100,74,62,72,16,27570,34080,6510,7080,11730,8760,37,81,330,15690,2022-04-10T01:56:30-04:00,2022-04-10T11:24:30-04:00,54.17,48,60,0.05,0.23,12.25,55,100,100,1,40,9,6,2023,133,63,2160,38520,480,0,0,45240,1.09375,0,81,72,76,None,90,100,100,86,65
4/11/22,52,57,23,64,65,55,37,51,21900,28320,6420,1830,15840,4230,37,77,2250,14520,2022-04-11T00:35:25-04:00,2022-04-11T08:27:25-04:00,54.69,48,64,-0.01,0.21,12.25,50,100,100,1,1,1,2,2040,29,4,1320,27420,180,0,0,57480,1.09375,0,70,38,70,None,88,100,91,87,43
4/12/22,66,68,65,97,51,66,72,40,24720,34920,10200,4950,12300,7470,34,71,330,15150,2022-04-12T00:46:00-04:00,2022-04-12T10:28:00-04:00,52.74,49,61,-0.06,0.14,12.625,50,100,100,1,1,2,23,2060,458,330,5220,34560,900,120,0,45600,1.125,0,77,62,69,None,89,100,73,88,100
4/13/22,64,65,33,92,58,64,94,40,24000,32400,8400,2580,15390,6030,32,74,780,15600,2022-04-13T00:38:58-04:00,2022-04-13T09:38:58-04:00,53.58,49,63,0,0.13,12.5,55,100,100,1,1,33,181,2234,335,2867,4140,33180,1200,1320,0,46560,1.21875,0,72,58,67,None,89,100,82,88,49
4/14/22,74,80,86,96,69,56,75,47,27990,35640,7650,6510,14700,6780,37,79,360,16230,2022-04-14T00:13:00-04:00,2022-04-14T10:07:00-04:00,52.38,48,59,-0.16,0.08,12,55,100,100,1,1,31,23,2104,510,148,7500,28980,1920,0,0,48000,1.15625,0,83,75,70,None,89,99,91,88,100
4/15/22,64,70,64,90,76,50,72,19,25410,30960,5550,4860,14640,5910,45,82,300,15030,2022-04-15T01:48:58-04:00,2022-04-15T10:24:58-04:00,56.12,51,57,0.05,0.11,12.25,54,100,100,1,1,29,6,2037,113,87,1680,31680,180,60,0,52800,1.09375,0,75,58,70,None,89,100,64,87,100
4/16/22,70,77,74,77,81,59,94,20,27210,32280,5070,5610,16530,5070,34,84,810,15600,2022-04-16T01:32:31-04:00,2022-04-16T10:30:31-04:00,56.31,52,56,0.02,0.15,12,54,100,100,1,1,25,5,2035,128,41,4980,33960,360,0,0,47100,1.09375,0,78,68,73,100,83,100,65,87,88
4/17/22,60,70,42,66,46,59,86,21,25260,36720,11460,3210,17670,4380,35,69,1200,17880,2022-04-17T00:49:59-04:00,2022-04-17T11:01:59-04:00,55.72,48,56,0.09,0.21,12.5,53,100,100,1,1,20,21,2053,345,288,3540,37020,780,120,0,44940,1.09375,0,78,52,73,None,88,97,84,86,96
4/18/22,58,59,60,51,62,49,67,55,22380,29520,7140,4590,14370,3420,43,76,1590,13860,2022-04-18T00:36:42-04:00,2022-04-18T08:48:42-04:00,55.45,51,60,0.01,0.2,12.125,52,100,100,1,1,12,3,2042,104,15,2820,29400,240,0,0,53940,1.09375,0,72,48,68,None,88,100,75,86,75
4/19/22,66,71,56,93,62,63,67,36,25620,33840,8220,4230,15270,6120,35,76,180,15960,2022-04-19T00:39:37-04:00,2022-04-19T10:03:37-04:00,54.16,49,55,-0.08,0.15,11.875,51,100,100,1,1,7,29,2060,541,494,4620,36240,1560,60,0,43920,1.09375,0,78,62,68,None,88,100,84,85,95
4/20/22,54,62,39,55,55,51,37,58,23190,31680,8490,2970,16560,3660,41,73,2280,16530,2022-04-19T23:47:14-04:00,2022-04-20T08:35:14-04:00,54.19,46,63,0.04,0.15,12.125,50,100,100,1,1,2,4,2050,88,52,1380,25440,300,0,0,59280,1.125,0,71,42,65,None,88,100,100,86,44
4/21/22,62,65,50,72,72,57,78,34,24060,30000,5940,3810,15540,4710,37,80,420,14250,2022-04-21T01:13:06-04:00,2022-04-21T09:33:06-04:00,55.78,51,54,-0.19,0.08,12.125,50,100,100,1,1,2,1,2031,45,4,2400,31560,60,0,0,52380,1.09375,0,68,55,63,None,88,98,66,85,60
4/22/22,58,64,53,70,55,52,72,27,23880,32700,8820,4050,15240,4590,47,73,1470,16020,2022-04-22T00:57:26-04:00,2022-04-22T10:02:26-04:00,54.16,48,58,-0.03,0.07,12.25,50,100,100,1,1,1,3,2032,113,26,2640,34440,240,0,0,49080,1.09375,0,74,48,62,None,88,100,94,85,78
4/23/22,65,70,74,77,60,50,75,43,25440,34020,8580,5640,14700,5100,43,75,360,16320,2022-04-23T00:21:29-04:00,2022-04-23T09:48:29-04:00,54.53,49,57,0.06,0.12,12.125,50,100,100,1,1,1,2,2053,61,23,300,24240,240,0,0,61620,1.125,0,77,60,63,None,88,100,85,84,100
4/24/22,60,64,78,55,69,57,72,12,23850,30060,6210,5940,14280,3630,38,79,300,13770,2022-04-24T02:55:32-04:00,2022-04-24T11:16:32-04:00,56.7,52,56,0.18,0.22,13,50,100,100,1,1,1,1,2012,23,0,720,39180,60,0,0,46440,1.0625,0,69,52,62,None,88,89,50,83,100
4/25/22,69,64,53,96,72,68,89,56,23790,29820,6030,4050,12750,6990,30,80,690,14340,2022-04-25T00:27:36-04:00,2022-04-25T08:44:36-04:00,54.92,50,65,0.05,0.22,12.125,50,100,100,1,1,1,13,2075,269,177,4800,23760,960,0,0,56880,1.125,0,72,67,61,None,88,100,78,86,62
4/26/22,64,68,61,95,55,54,94,18,24780,33720,8940,4680,13890,6210,40,73,1020,16680,2022-04-26T01:29:13-04:00,2022-04-26T10:51:13-04:00,53.57,48,64,-0.02,0.16,12.625,50,100,100,1,1,1,9,2034,160,140,1200,33360,660,0,0,51180,1.09375,0,78,58,62,None,88,100,95,87,100
4/27/22,61,66,68,74,55,51,86,23,24360,33420,9060,5160,14340,4860,42,73,600,15180,2022-04-27T01:23:49-04:00,2022-04-27T10:40:49-04:00,54.49,48,55,-0.14,0.06,12.5,50,100,100,1,1,1,2,2031,40,33,1560,32340,60,0,0,52440,1.09375,0,73,53,62,100,82,100,95,86,45
4/28/22,71,82,85,67,72,62,89,19,28620,35880,7260,6450,17760,4410,36,80,690,16290,2022-04-28T01:31:32-04:00,2022-04-28T11:29:32-04:00,53.27,49,59,-0.11,0,12.375,50,100,95,1,1,1,14,2058,369,176,11100,33540,660,60,0,41040,1.125,1,80,70,67,None,88,100,86,86,100
4/29/22,63,74,52,78,76,52,75,16,26520,32160,5640,3960,17400,5160,41,82,360,15930,2022-04-29T01:52:42-04:00,2022-04-29T10:48:42-04:00,53.47,50,56,0.07,0.06,12.5,61,100,100,1,40,49,299,2340,27,4371,1560,29340,60,0,1320,54120,1.28125,0,79,57,70,100,83,99,78,85,100
4/30/22,63,73,80,68,62,57,70,11,26250,34500,8250,6030,15750,4470,34,76,240,15030,2022-04-30T02:35:29-04:00,2022-04-30T12:10:29-04:00,57.58,51,48,0.06,0.13,12.75,61,100,100,1,40,46,61,2086,144,1256,3720,41340,1680,0,0,39660,1.125,0,70,57,72,None,88,99,42,80,89
5/1/22,70,87,56,97,60,60,67,28,29790,39960,10170,4320,17940,7530,37,75,1590,19050,2022-05-01T00:04:30-04:00,2022-05-01T11:10:30-04:00,53.83,49,61,-0.06,0.12,12.25,60,100,100,1,40,42,12,2055,269,121,4140,32880,660,60,0,48660,1.125,0,81,68,78,None,88,100,79,82,100
5/2/22,60,69,35,83,65,47,89,16,25170,32580,7410,2760,16950,5460,46,77,660,15990,2022-05-02T01:50:37-04:00,2022-05-02T10:53:37-04:00,52.88,49,64,-0.07,0.06,12.625,71,100,100,1,71,94,465,2528,482,7601,3300,33600,1020,3900,0,44580,1.375,0,79,52,78,None,88,100,79,85,100
5/3/22,63,81,72,65,58,50,67,12,28170,37980,9810,5460,18420,4290,42,74,180,18720,2022-05-03T01:31:01-04:00,2022-05-03T12:04:01-04:00,57.82,50,58,0.12,0.11,12.5,69,100,100,1,71,82,32,2071,641,528,3720,36000,1500,60,0,45120,1.125,0,75,57,81,None,88,94,70,85,68
5/4/22,55,56,46,82,65,49,67,19,21570,27840,6270,3540,12630,5400,47,77,210,13590,2022-05-04T02:13:53-04:00,2022-05-04T09:57:53-04:00,53.58,50,62,-0.02,0.13,12.25,68,98,100,1,71,76,229,2349,4274,3926,21180,32880,9900,960,0,21480,1.25,0,78,43,75,100,86,100,80,86,93
5/5/22,65,74,83,61,65,56,81,17,26490,34560,8070,6270,16140,4080,35,77,480,17130,2022-05-05T01:28:16-04:00,2022-05-05T11:04:16-04:00,53.69,48,54,0.01,0.1,12.75,66,100,100,1,71,61,15,2049,358,228,8700,32040,900,0,0,44760,1.09375,0,83,60,76,93,92,100,89,85,100
5/6/22,58,63,51,58,74,43,99,15,23640,29220,5580,3900,15930,3810,51,81,900,14490,2022-05-06T02:21:59-04:00,2022-05-06T10:28:59-04:00,55.87,50,57,-0.24,-0.01,12.5,61,100,100,1,40,44,3,2029,89,4,3360,33960,180,0,0,48900,1.09375,0,68,48,72,None,91,97,71,85,36
5/7/22,55,43,28,46,69,60,94,69,18300,23100,4800,2220,13020,3060,38,79,810,11280,2022-05-07T00:52:14-04:00,2022-05-07T07:17:14-04:00,56.76,52,57,0.02,0,13,59,100,100,1,40,31,5,2054,97,78,2820,25080,300,0,0,58200,1.125,0,62,43,62,None,91,100,62,84,26
5/8/22,71,84,75,67,51,84,67,29,29040,41100,12060,5700,18930,4410,39,71,180,19050,2022-05-08T00:03:33-04:00,2022-05-08T11:28:33-04:00,53.07,48,53,0.05,0.08,12.5,57,100,100,1,40,22,179,2286,3639,3127,17160,37920,9900,240,0,21180,1.21875,0,81,70,66,100,84,100,90,81,100
5/9/22,60,59,54,67,88,48,67,49,22380,25620,3240,4140,13830,4410,49,87,210,12570,2022-05-09T01:11:55-04:00,2022-05-09T08:18:55-04:00,54.8,50,56,0.21,0.19,12,51,100,100,1,1,8,10,2028,150,172,2400,35880,480,60,0,47580,1.09375,0,72,52,63,96,91,87,81,80,55
5/10/22,88,100,99,96,72,64,78,87,33900,42300,8400,8490,18690,6720,33,80,420,19410,2022-05-09T22:01:27-04:00,2022-05-10T09:46:27-04:00,52.74,46,59,0.12,0.21,12,51,100,100,1,1,6,34,2078,723,540,9180,37680,2520,0,0,37020,1.125,0,88,98,75,None,90,95,100,82,98
5/11/22,81,96,83,96,86,59,64,58,32430,37920,5490,6300,19200,6930,40,86,150,18480,2022-05-10T23:15:08-04:00,2022-05-11T09:47:08-04:00,52.19,47,63,0.11,0.19,12.25,51,100,100,1,1,3,25,2073,526,360,6720,30960,1680,0,0,47040,1.125,0,88,86,85,None,89,96,89,85,100
5/12/22,63,72,58,58,81,57,78,19,25980,31020,5040,4410,17730,3840,37,84,420,15030,2022-05-12T01:51:44-04:00,2022-05-12T10:28:44-04:00,53.8,48,62,0.3,0.33,12,54,100,100,1,1,25,127,2173,473,1947,8160,36480,1440,0,600,39720,1.15625,0,79,56,85,None,88,79,98,86,49
5/13/22,64,67,67,76,79,49,72,38,24660,29760,5100,5070,14550,5040,44,83,300,14550,2022-05-13T00:59:04-04:00,2022-05-13T09:15:04-04:00,53.99,50,54,0.11,0.3,12,53,100,95,1,1,25,37,2099,761,509,10920,28680,1320,300,0,45180,1.125,1,79,58,83,None,88,95,80,85,79
5/14/22,68,69,54,96,79,67,72,34,25080,30300,5220,4140,14400,6540,35,83,330,14940,2022-05-14T01:01:00-04:00,2022-05-14T09:26:00-04:00,52.6,47,59,0.06,0.21,12.125,55,100,100,1,1,34,130,2140,2790,2251,8580,48240,3720,900,120,24840,1.125,0,78,65,82,None,87,100,98,85,38
5/15/22,70,71,68,73,74,51,83,77,25500,31380,5880,5160,15540,4800,46,81,570,15780,2022-05-14T23:21:44-07:00,2022-05-15T08:04:44-07:00,53.2,45,66,0.13,0.18,12.25,75,100,100,25,40,95,535,2612,466,9546,3600,32220,1260,6240,0,43080,1.40625,0,84,68,80,100,87,93,80,87,100
5/16/22,62,63,54,53,48,48,78,92,23580,33600,10020,4110,15930,3540,45,70,420,14550,2022-05-15T23:11:00-07:00,2022-05-16T08:31:00-07:00,51.29,48,64,0.03,0.16,12.25,73,100,100,25,40,87,12,2064,307,162,5700,30000,840,0,0,49860,1.125,0,82,54,75,None,90,100,98,88,100
5/17/22,56,55,29,44,53,41,91,86,21390,29640,8250,2250,16200,2940,53,72,1050,13890,2022-05-16T23:34:23-07:00,2022-05-17T07:48:23-07:00,52.57,49,63,0,0.13,12.125,71,100,95,25,40,74,1,2048,42,0,5520,26940,120,0,0,53820,1.125,1,75,44,68,None,90,100,98,88,70
5/18/22,54,55,36,45,55,45,70,78,21300,29040,7740,2790,15540,2970,57,73,240,13080,2022-05-18T00:04:30-07:00,2022-05-18T08:08:30-07:00,51.52,48,65,-0.03,0.08,12,69,100,100,25,40,60,14,2050,291,255,2220,30660,780,0,0,52740,1.125,0,76,41,62,None,90,100,98,89,98
5/19/22,66,63,48,79,74,51,70,88,23430,29040,5610,3690,14520,5220,44,81,240,14100,2022-05-18T23:28:03-07:00,2022-05-19T07:32:03-07:00,54.98,50,51,0.06,0.1,12.125,67,100,100,25,40,43,1,2036,14,4,2100,28200,60,0,0,56040,1.09375,0,71,61,60,None,89,100,71,87,67
5/20/22,64,64,49,58,81,52,70,78,23880,28560,4680,3780,16260,3840,44,84,240,13800,2022-05-19T23:52:29-07:00,2022-05-20T07:48:29-07:00,52.87,48,61,0.07,0.14,12.25,64,100,100,25,40,28,6,2056,135,95,3660,26100,360,0,0,56280,1.125,0,75,58,59,None,89,99,89,87,91
5/21/22,56,62,24,59,60,47,78,56,23340,31080,7740,1920,17520,3900,48,75,450,14940,2022-05-21T00:18:29-07:00,2022-05-21T08:56:29-07:00,56.61,50,55,0.22,0.22,12.125,62,100,100,25,40,14,22,2065,463,409,3180,30540,1140,60,0,51480,1.125,0,67,44,57,None,88,86,71,86,67
5/22/22,65,81,80,46,65,50,67,34,28260,36720,8460,6030,19170,3060,46,77,180,17610,2022-05-22T00:16:32-07:00,2022-05-22T10:28:32-07:00,55.51,51,52,0.21,0.28,12.625,50,100,100,1,1,1,3,2022,47,41,3420,37020,120,0,0,45840,1.09375,0,76,60,63,None,88,87,80,83,100
5/23/22,58,45,37,90,53,63,70,78,18780,26160,7380,2880,9990,5910,33,72,240,11820,2022-05-23T00:25:21-07:00,2022-05-23T07:41:21-07:00,54.35,49,56,-0.09,0.19,12,50,100,100,1,1,3,21,2064,512,361,3180,28020,540,120,0,54540,1.125,0,71,48,55,100,81,100,80,82,76
5/24/22,60,60,42,34,72,56,86,71,22590,28380,5790,3240,17040,2310,37,80,600,14160,2022-05-23T23:59:59-07:00,2022-05-24T07:52:59-07:00,55.72,51,58,0.04,0.12,12,50,100,100,1,1,3,11,2050,196,208,3300,28680,600,0,0,53820,1.125,0,67,51,53,None,87,100,62,82,91
5/25/22,69,67,61,60,86,53,94,73,24570,28680,4110,4680,15900,3990,48,86,1020,14670,2022-05-24T23:48:14-07:00,2022-05-25T07:46:14-07:00,56.38,51,54,0,0.1,12.125,51,100,100,1,1,6,31,2074,622,531,4740,30600,1080,180,0,49800,1.125,0,63,66,54,None,87,100,54,80,48
5/26/22,65,63,55,65,62,54,83,82,23580,31140,7560,4200,15090,4290,41,76,1260,15600,2022-05-25T23:14:21-07:00,2022-05-26T07:53:21-07:00,54.3,50,55,-0.06,0.08,12.25,51,100,100,1,1,9,32,2077,615,565,3000,27540,840,240,0,54780,1.125,0,70,60,55,None,86,100,82,79,73
5/27/22,69,80,72,68,72,43,89,42,27870,34740,6870,5430,17970,4470,50,80,690,16590,2022-05-27T00:17:02-07:00,2022-05-27T09:56:02-07:00,56.29,51,55,0.31,0.2,12.5,55,100,100,1,1,33,304,2399,7040,5760,11520,37140,8880,2040,0,26820,1.28125,0,72,66,60,None,86,78,64,78,99
5/28/22,75,89,73,78,81,53,83,39,30420,36360,5940,5550,19740,5130,44,84,570,17640,2022-05-28T00:06:58-07:00,2022-05-28T10:12:58-07:00,53.83,49,58,0.13,0.28,12.125,67,100,100,1,40,85,430,2498,109,7946,5700,33180,360,5940,0,41220,1.34375,0,83,77,69,100,95,93,83,79,100
5/29/22,53,59,29,46,67,48,72,33,22410,28620,6210,2280,17010,3120,45,78,300,13380,2022-05-29T01:28:53-07:00,2022-05-29T09:25:53-07:00,53.63,49,67,0.37,0.38,12.5,65,100,100,1,40,77,27,2064,605,493,4320,32700,1500,0,0,47880,1.125,0,72,39,67,None,90,73,92,85,69
5/30/22,65,74,55,45,69,52,99,42,26370,33300,6930,4200,19200,2970,48,79,900,16560,2022-05-30T00:19:02-07:00,2022-05-30T09:34:02-07:00,54.38,50,62,-0.06,0.28,12.375,71,100,100,1,71,96,316,2362,343,5274,6360,34080,600,2940,0,42420,1.28125,0,81,60,70,100,89,100,83,86,100
5/31/22,63,64,43,59,86,50,75,72,23880,27720,3840,3270,16740,3870,47,86,390,14070,2022-05-31T00:00:32-07:00,2022-05-31T07:42:32-07:00,52.87,48,58,-0.06,0.16,11.75,71,100,100,1,71,91,31,2083,685,474,7740,30300,2220,0,0,46140,1.125,0,75,56,69,None,93,100,100,86,47
6/1/22,69,69,59,46,86,57,97,74,25170,29220,4050,4500,17640,3030,42,86,840,14670,2022-05-31T23:46:44-07:00,2022-06-01T07:53:44-07:00,53.51,48,56,-0.02,0.07,12.375,68,100,100,1,71,73,30,2069,617,476,4320,31380,1140,120,0,49440,1.125,0,81,66,70,100,89,100,83,85,90
6/2/22,67,70,72,48,72,62,54,84,25320,31560,6240,5430,16650,3240,34,80,1920,16200,2022-06-01T23:00:36-07:00,2022-06-02T07:46:36-07:00,54.59,50,60,-0.01,0.07,12.125,65,100,100,1,71,53,29,2086,654,460,4680,26400,1980,0,0,53340,1.125,0,76,63,70,None,90,100,83,86,74
6/3/22,70,62,49,96,79,69,86,69,23250,28080,4830,3750,12990,6510,36,83,1200,14250,2022-06-03T00:03:39-07:00,2022-06-03T07:51:39-07:00,55.42,51,57,0.02,0.08,12.125,65,100,100,1,71,50,160,2215,3847,2932,12900,34320,3420,1560,0,34200,1.1875,0,72,68,67,None,89,100,74,85,54
6/4/22,70,73,67,96,65,54,72,69,26040,33720,7680,5070,14130,6840,39,77,300,15600,2022-06-03T23:40:00-07:00,2022-06-04T09:02:00-07:00,53.49,48,57,0.08,0.12,12.25,68,100,100,1,71,76,352,2452,707,6312,13560,31320,1620,4560,0,35340,1.3125,0,77,68,68,93,89,98,100,85,37
6/5/22,55,56,39,39,65,48,86,55,21570,27900,6330,3000,15960,2610,49,77,600,14100,2022-06-05T00:32:50-07:00,2022-06-05T08:17:50-07:00,53.15,49,57,-0.15,0.05,12.125,81,100,100,25,96,99,899,3008,231,15971,3600,29820,600,10560,0,41820,1.625,0,76,43,64,99,98,100,83,85,86
6/6/22,73,73,56,97,81,58,91,60,26250,31080,4830,4260,14520,7470,38,84,720,15870,2022-06-05T23:53:04-07:00,2022-06-06T08:31:04-07:00,53.61,50,65,-0.01,0.02,12.125,80,100,100,25,96,99,359,2448,8014,6490,12180,33840,6660,3300,180,30240,1.3125,0,81,73,66,None,100,100,83,86,100
6/7/22,70,65,58,96,88,62,70,68,24180,27900,3720,4410,12990,6780,34,87,270,13950,2022-06-07T00:09:50-07:00,2022-06-07T07:54:50-07:00,55.51,48,59,-0.01,0.03,12.375,77,100,100,25,96,98,45,2100,921,820,9720,28500,1500,300,0,46380,1.125,0,72,68,65,92,96,100,92,86,1
6/8/22,63,63,52,38,83,64,75,67,23610,27720,4110,3990,17040,2580,38,85,390,14010,2022-06-08T00:10:04-07:00,2022-06-08T07:52:04-07:00,53.23,49,58,-0.05,0.04,12,80,100,100,25,96,97,33,2062,570,531,2160,33420,960,240,0,49620,1.09375,0,80,56,64,100,98,100,92,86,92
6/9/22,77,78,85,58,76,64,86,96,27360,33300,5940,6450,17070,3840,34,82,1170,16170,2022-06-08T22:37:45-07:00,2022-06-09T07:52:45-07:00,55.17,49,56,0.07,0.08,12.125,80,100,100,25,96,95,15,2058,342,241,2940,26460,720,60,0,56220,1.125,0,78,80,67,None,99,99,100,86,34
6/10/22,61,56,37,77,67,52,89,69,21630,27720,6090,2880,13650,5100,46,78,660,13230,2022-06-10T00:19:32-07:00,2022-06-10T08:01:32-07:00,55.44,50,60,-0.01,0.09,12.125,76,100,100,25,96,66,49,2136,1026,686,8940,26880,2460,240,0,47880,1.15625,0,77,52,63,100,92,100,83,86,89
6/11/22,65,71,65,96,62,54,64,35,25650,33660,8010,4950,13980,6720,41,76,120,14220,2022-06-11T01:12:14-07:00,2022-06-11T10:33:14-07:00,55.8,51,58,0.22,0.18,12.75,76,100,100,25,96,71,294,2365,599,4708,8220,38580,2340,2400,0,34860,1.28125,0,77,59,64,None,93,86,83,86,100
6/12/22,73,79,92,60,76,52,75,69,27690,33960,6270,6930,16740,4020,43,82,360,15750,2022-06-11T23:38:01-07:00,2022-06-12T09:04:01-07:00,52.69,48,63,-0.07,0.14,12.125,74,100,100,1,96,96,463,2531,179,7791,7440,30540,420,4500,0,43500,1.375,0,82,73,68,None,91,100,92,86,100
6/13/22,59,51,37,62,88,62,81,48,20430,23400,2970,2880,13440,4110,37,87,480,11970,2022-06-13T01:22:25-07:00,2022-06-13T07:52:25-07:00,53.43,48,64,0.04,0.11,12.25,70,100,100,1,71,94,9,2046,172,102,4920,29160,540,60,0,51720,1.125,0,69,49,63,None,94,100,100,87,14
6/14/22,56,57,47,38,72,46,70,67,21990,27420,5430,3570,15870,2550,50,80,1530,13770,2022-06-14T00:15:11-07:00,2022-06-14T07:52:11-07:00,54.53,49,59,0.03,0.09,12.125,74,100,100,1,96,95,192,2236,59,2928,3660,28500,120,0,1080,53040,1.21875,0,72,44,59,100,89,100,91,87,50
6/15/22,61,59,46,62,55,57,72,85,22380,30840,8460,3510,14760,4110,39,73,330,15030,2022-06-14T23:17:43-07:00,2022-06-15T07:51:43-07:00,55.58,48,56,-0.23,0.01,12.375,73,100,95,1,96,90,29,2081,613,424,9600,30300,960,180,0,45360,1.125,1,70,52,56,None,91,97,73,86,81
6/16/22,71,71,72,73,69,47,89,88,25680,32400,6720,5520,15360,4800,48,79,1140,16350,2022-06-15T22:50:57-07:00,2022-06-16T07:50:57-07:00,53.9,48,56,-0.06,-0.02,12,70,100,100,1,96,68,20,2079,372,252,6300,28680,1380,60,0,49980,1.125,0,78,69,58,None,90,100,91,86,100
6/17/22,63,61,55,68,69,52,64,81,23010,29280,6270,4170,14370,4470,41,79,150,13950,2022-06-16T23:44:42-07:00,2022-06-17T07:52:42-07:00,53.33,48,62,-0.27,-0.1,12.25,67,100,100,1,96,47,22,2075,442,366,5400,27060,1380,0,0,52560,1.125,0,73,56,57,None,88,96,73,86,100
6/18/22,73,81,79,89,58,67,83,34,28140,38160,10020,5970,16320,5850,29,74,540,17910,2022-06-18T00:12:32-07:00,2022-06-18T10:48:32-07:00,52.06,48,55,0.03,-0.03,12.375,80,100,100,25,96,97,877,2961,80,15751,3000,41640,180,10980,0,30600,1.59375,0,81,73,63,None,86,100,100,85,100
6/19/22,81,100,57,98,83,51,89,60,33780,39960,6180,4380,21360,8040,45,85,690,19380,2022-06-18T22:55:50-07:00,2022-06-19T10:01:50-07:00,52.46,47,73,0,0.03,12.375,78,100,100,25,71,96,60,2103,1060,900,10620,37380,1560,420,60,36360,1.125,0,86,87,75,81,82,100,100,88,100
6/20/22,68,70,66,50,88,58,67,75,25440,29100,3660,5010,17100,3330,39,87,210,14160,2022-06-19T23:52:32-07:00,2022-06-20T07:57:32-07:00,52.12,46,59,0,0.08,11.75,78,100,100,25,71,96,61,2101,1014,917,3480,30660,600,540,180,50940,1.125,0,78,64,77,None,94,100,100,87,39
6/21/22,66,67,47,78,65,52,70,83,24480,31740,7260,3570,15750,5160,44,77,270,16200,2022-06-20T23:03:25-07:00,2022-06-21T07:52:25-07:00,53.12,47,57,0,0.07,12.25,74,100,100,25,40,94,3,2049,102,15,5460,26460,240,0,0,54240,1.125,0,73,60,76,None,93,100,100,87,7
6/22/22,53,49,40,37,58,51,72,71,19800,26640,6840,3090,14220,2490,42,74,330,12570,2022-06-22T00:26:40-07:00,2022-06-22T07:50:40-07:00,54.11,50,54,-0.06,0.04,11.875,71,100,100,25,40,71,4,2047,114,16,4500,26700,360,0,0,54840,1.125,0,71,38,69,100,87,100,80,85,47
6/23/22,59,59,48,48,83,44,78,64,22560,26400,3840,3690,15630,3240,51,85,450,12810,2022-06-23T00:36:30-07:00,2022-06-23T07:56:30-07:00,52.79,49,61,-0.05,0.02,12.5,67,100,100,25,40,46,18,2060,398,304,5820,29760,720,60,0,50040,1.125,0,73,48,65,None,90,100,80,86,86
6/24/22,57,60,40,57,53,58,40,80,22680,31320,8640,3120,15780,3780,36,72,2190,15870,2022-06-23T23:14:15-07:00,2022-06-24T07:56:15-07:00,55.19,50,58,0.01,0.03,12.375,64,100,100,25,40,28,3,2048,71,30,2280,25380,180,0,0,58560,1.125,0,69,45,61,100,85,100,80,85,33
6/25/22,62,69,51,76,44,56,86,33,25080,36720,11640,3900,16140,5040,42,68,1200,17130,2022-06-25T00:27:01-07:00,2022-06-25T10:39:01-07:00,52.86,48,63,0.11,0.1,12.25,51,100,100,1,1,5,20,2044,383,299,8520,39840,1200,0,0,36840,1.09375,0,75,53,61,None,87,95,100,86,77
6/26/22,64,79,42,81,62,51,86,21,27690,36540,8850,3210,19140,5340,45,76,600,17220,2022-06-26T00:58:59-07:00,2022-06-26T11:07:59-07:00,53.2,48,67,0.38,0.27,12.125,50,100,100,1,1,2,7,2017,172,78,5220,41460,480,0,0,39240,1.0625,0,78,57,65,None,86,72,96,87,94
6/27/22,73,63,76,95,74,72,89,69,23640,29340,5700,5730,11520,6390,30,81,1110,15480,2022-06-26T23:42:03-07:00,2022-06-27T07:51:03-07:00,50.04,45,69,0.04,0.27,12,50,100,100,1,1,1,5,2031,133,37,3300,33000,300,0,0,49800,1.09375,0,79,73,64,None,85,100,97,89,73
6/28/22,68,76,50,48,86,54,67,85,27030,31260,4230,3840,19950,3240,40,86,210,15420,2022-06-27T23:10:34-07:00,2022-06-28T07:51:34-07:00,52.81,48,65,-0.01,0.17,12.625,50,100,100,1,1,1,1,2028,29,0,2760,32520,180,0,0,50940,1.09375,0,76,64,68,None,85,100,86,90,65
6/29/22,70,64,58,79,74,60,75,100,23700,29340,5640,4410,14070,5220,38,81,1440,14760,2022-06-28T22:42:22-07:00,2022-06-29T06:51:22-07:00,52.94,49,60,-0.01,0.08,12,50,100,100,1,1,1,3,2045,110,7,4260,28020,240,0,0,53880,1.09375,0,78,67,67,None,84,100,95,89,70
6/30/22,70,72,67,44,79,64,86,81,25860,31140,5280,5100,17850,2910,34,83,1170,15810,2022-06-29T23:13:58-07:00,2022-06-30T07:52:58-07:00,54.18,49,60,0.06,0.1,12,50,100,100,1,1,1,2,2037,38,7,2640,29460,60,0,0,54240,1.09375,0,74,67,68,None,84,100,95,89,38
7/1/22,76,87,85,85,60,60,81,50,29700,39780,10080,6420,17730,5550,38,75,510,18840,2022-06-30T23:24:57-07:00,2022-07-01T10:27:57-07:00,53.03,48,61,0.31,0.23,12.25,51,100,100,1,1,6,57,2090,982,971,2640,37560,2220,360,0,43620,1.125,0,81,78,74,None,None,78,78,88,100
7/2/22,71,85,51,66,83,51,94,43,29340,34560,5220,3900,21060,4380,46,85,1020,17220,2022-07-02T00:06:05-07:00,2022-07-02T09:42:05-07:00,52.43,48,66,0.26,0.33,12,51,100,100,1,1,5,9,2041,212,150,6960,32460,660,0,0,46320,1.09375,0,83,69,79,None,None,83,86,89,100
7/3/22,67,83,76,60,67,51,72,28,28650,36780,8130,5760,18870,4020,48,78,330,17010,2022-07-03T00:38:03-07:00,2022-07-03T10:51:03-07:00,51.62,46,66,0.13,0.32,11.875,52,100,100,1,1,16,79,2112,1165,1249,8460,36840,1560,360,120,39060,1.125,0,84,62,82,100,None,94,98,89,78
7/4/22,71,80,72,90,69,53,75,42,27900,35400,7500,5520,16470,5910,43,79,390,17220,2022-07-04T00:07:00-07:00,2022-07-04T09:57:00-07:00,51.54,46,67,-0.03,0.19,12.625,52,100,100,1,1,14,14,2045,268,200,4440,32940,960,0,0,48060,1.09375,0,86,69,85,100,81,100,85,90,100
7/5/22,56,47,35,63,83,60,67,52,19200,22680,3480,2700,12300,4200,40,85,180,10860,2022-07-05T01:33:12-07:00,2022-07-05T07:51:12-07:00,52.25,47,60,-0.2,0.03,11.5,52,100,100,1,1,12,2,2045,78,7,2700,26460,180,0,0,57060,1.125,0,72,43,75,None,83,98,100,89,28
7/6/22,65,58,39,97,81,72,64,61,22230,26340,4110,3000,12180,7050,32,84,150,12300,2022-07-06T00:51:00-07:00,2022-07-06T08:10:00-07:00,55.47,50,56,-0.03,0,12.125,52,100,100,1,1,11,19,2067,404,284,10860,29460,960,120,0,45000,1.125,0,71,59,70,None,83,100,76,88,46
7/7/22,65,66,37,83,60,55,86,66,24300,32520,8220,2880,15960,5460,41,75,1200,15840,2022-07-06T23:43:02-07:00,2022-07-07T08:45:02-07:00,52.63,48,66,0.13,0.1,12,51,100,95,1,1,10,22,2074,519,344,10320,27780,600,120,0,47580,1.125,1,75,59,68,None,82,94,94,88,63
7/8/22,62,63,35,71,58,59,89,61,23430,31740,8310,2670,16110,4650,36,74,690,15660,2022-07-07T23:55:30-07:00,2022-07-08T08:44:30-07:00,54.29,49,63,0.15,0.21,12,51,100,100,1,1,8,18,2061,380,245,9900,29460,1080,60,0,45900,1.125,0,72,53,66,None,82,92,85,88,64
7/9/22,72,91,85,85,55,52,78,23,30810,42120,11310,6390,18870,5550,41,73,420,18480,2022-07-09T00:26:28-07:00,2022-07-09T12:08:28-07:00,53.71,49,61,0.01,0.19,12.625,63,100,100,1,40,59,375,2409,635,5490,5340,41280,900,300,1440,37140,1.28125,0,80,71,73,None,82,100,76,88,100
7/10/22,76,91,77,96,69,57,91,19,30840,38880,8040,5850,18390,6600,41,79,720,17580,2022-07-10T01:09:31-07:00,2022-07-10T11:57:31-07:00,53.22,47,66,0.08,0.17,11.875,62,100,100,1,40,56,40,2087,769,446,9240,40080,2340,120,0,34620,1.125,0,85,78,80,None,84,98,94,88,88
7/11/22,57,54,22,89,69,56,70,45,21210,26820,5610,1740,13620,5850,41,79,240,13170,2022-07-11T01:09:27-07:00,2022-07-11T08:36:27-07:00,52.62,47,68,-0.06,0.12,11.875,62,100,100,1,40,50,19,2082,452,292,7800,25860,540,60,0,52140,1.125,0,75,45,74,100,81,100,100,89,31
7/12/22,62,57,45,85,79,67,75,41,21990,26460,4470,3450,12960,5580,36,83,360,13260,2022-07-12T01:15:14-07:00,2022-07-12T08:36:14-07:00,53.1,48,62,-0.09,0.06,11.75,61,100,100,1,40,44,14,2055,270,228,5100,29100,420,60,0,51720,1.125,0,78,53,69,None,84,100,94,89,90
7/13/22,65,54,50,96,81,68,70,57,21120,25200,4080,3840,10260,7020,27,84,270,12150,2022-07-13T01:02:47-07:00,2022-07-13T08:02:47-07:00,53.47,49,64,0.05,0.07,12,60,100,100,1,40,37,52,2112,931,910,6840,28440,2280,300,0,48540,1.15625,0,74,59,64,100,79,100,85,89,51
7/14/22,65,61,53,87,79,57,86,44,23070,27660,4590,4050,13320,5700,35,83,630,14070,2022-07-14T00:56:43-07:00,2022-07-14T08:37:43-07:00,54.34,49,56,-0.09,0.07,12,58,100,100,1,40,27,15,2056,303,248,4080,28680,660,60,0,52920,1.125,0,71,59,61,None,84,100,85,87,58
7/15/22,54,48,32,70,51,58,64,67,19620,27660,8040,2490,12510,4620,37,71,1680,13260,2022-07-15T00:23:36-07:00,2022-07-15T08:04:36-07:00,53.64,49,58,-0.07,0.05,12,56,100,100,1,40,15,8,2059,171,99,5700,24660,780,0,0,55260,1.125,0,66,39,54,None,84,100,85,86,56
7/16/22,69,81,67,95,67,59,67,22,28320,36120,7800,5100,16890,6330,43,78,180,16440,2022-07-16T01:11:24-07:00,2022-07-16T11:13:24-07:00,53.79,48,55,0.35,0.2,12.375,63,100,100,1,40,58,369,2401,477,5400,3360,37080,900,60,1440,43560,1.28125,0,77,66,59,100,79,75,76,84,100
7/17/22,57,60,48,65,51,66,72,25,22830,32220,9390,3660,14850,4320,30,71,300,14640,2022-07-17T01:24:41-07:00,2022-07-17T10:21:41-07:00,53.65,48,58,-0.07,0.19,12.375,62,100,100,1,40,54,17,2046,312,288,6240,34680,960,0,0,44520,1.09375,0,72,45,57,None,84,100,85,83,100
7/18/22,57,54,37,74,76,54,70,38,21090,25680,4590,2850,13320,4920,42,82,240,12780,2022-07-18T01:28:46-07:00,2022-07-18T08:36:46-07:00,54.67,48,55,-0.03,0.1,12.25,61,100,100,1,40,48,5,2053,152,59,7200,26160,360,0,0,52680,1.125,0,65,45,55,None,85,100,85,79,46
7/19/22,62,56,56,92,81,57,72,40,21780,26040,4260,4260,11460,6060,39,84,300,13080,2022-07-19T01:20:09-07:00,2022-07-19T08:34:09-07:00,55.79,51,51,-0.06,0.01,12,60,100,100,1,40,40,17,2078,350,214,11820,28500,1140,0,0,44940,1.125,0,61,53,53,None,84,100,50,75,66
7/20/22,55,58,41,46,72,45,67,51,22290,27780,5490,3180,15990,3120,51,80,180,13380,2022-07-20T00:53:34-07:00,2022-07-20T08:36:34-07:00,57.64,53,53,0.04,0.04,12.125,59,100,100,1,40,31,3,2039,91,41,2940,29160,240,0,0,54060,1.09375,0,61,41,51,100,80,100,42,72,71
7/21/22,60,58,34,74,69,53,86,51,22290,28380,6090,2640,14820,4830,42,79,630,14010,2022-07-21T00:42:42-07:00,2022-07-21T08:35:42-07:00,55.84,51,58,-0.09,0.02,12.125,58,100,100,1,40,26,44,2100,929,727,4740,25920,1140,360,60,54180,1.15625,0,59,50,50,None,84,100,70,73,29
7/22/22,55,43,47,68,88,56,91,22,18180,20820,2640,3600,10080,4500,39,87,720,10440,2022-07-22T02:50:03-07:00,2022-07-22T08:37:03-07:00,58.69,54,50,-0.1,-0.01,12.25,56,100,100,1,40,15,7,2047,152,112,2940,27240,540,0,0,55680,1.125,0,52,41,43,None,84,100,53,69,35
7/23/22,65,71,59,69,60,64,89,24,25500,33900,8400,4500,16440,4560,35,75,1140,16680,2022-07-23T00:54:23-07:00,2022-07-23T10:19:23-07:00,55.61,50,61,-0.07,-0.03,12.625,75,100,100,25,40,100,1529,3678,117,27052,3120,33780,360,18180,0,30960,1.96875,0,64,59,47,None,84,100,72,72,74
7/24/22,71,85,72,95,72,56,70,23,29400,36660,7260,5490,17460,6450,39,80,240,17130,2022-07-24T00:52:32-07:00,2022-07-24T11:03:32-07:00,58.25,54,60,0.07,0.03,12.75,83,100,100,43,71,100,1882,4060,704,33367,2520,38460,1560,22500,0,21360,2.1875,0,68,69,56,70,92,99,45,74,100
7/25/22,73,70,68,98,76,68,75,63,25260,30960,5700,5130,12450,7680,28,82,360,14970,2022-07-25T00:02:35-07:00,2022-07-25T08:38:35-07:00,56.08,52,60,-0.27,-0.04,11.75,82,100,100,43,71,100,33,2110,619,440,13080,26100,1740,120,0,45360,1.15625,0,68,73,59,56,53,96,64,76,100
7/26/22,54,47,27,85,58,61,75,38,19350,26280,6930,2160,11610,5580,36,74,390,13020,2022-07-26T01:25:33-07:00,2022-07-26T08:43:33-07:00,55.47,50,65,-0.01,-0.05,12.375,83,100,100,43,71,100,26,2080,496,397,10680,25920,1080,120,0,48600,1.125,0,60,39,55,None,58,100,83,81,37
7/27/22,57,50,33,78,67,52,91,45,20220,25920,5700,2550,12540,5130,42,78,750,12120,2022-07-27T01:26:38-07:00,2022-07-27T08:38:38-07:00,58.42,53,56,0,-0.01,12.5,83,100,100,43,71,100,26,2056,484,441,2040,32820,420,300,0,50820,1.125,0,60,45,51,100,67,100,39,80,59
7/28/22,70,75,48,80,81,55,83,65,26580,31800,5220,3690,17610,5280,39,84,540,15660,2022-07-27T23:47:19-07:00,2022-07-28T08:37:19-07:00,57.69,51,57,0.16,0.11,12.625,82,100,100,43,71,98,14,2059,317,214,5820,27420,780,0,0,52380,1.125,0,62,67,55,None,69,91,66,80,29
7/29/22,51,47,32,42,58,51,97,41,19410,26100,6690,2490,14100,2820,42,74,840,12960,2022-07-29T01:20:55-07:00,2022-07-29T08:35:55-07:00,57.06,51,56,-0.08,0.08,12.375,82,100,100,43,71,95,10,2054,202,169,4920,27660,480,0,0,53340,1.125,0,58,34,50,None,77,100,59,80,61
7/30/22,70,89,64,89,58,54,78,22,30420,41280,10860,4860,19710,5850,40,74,450,18390,2022-07-30T00:37:41-07:00,2022-07-30T12:05:41-07:00,56.37,51,55,-0.01,0.04,12.5,66,100,100,25,40,40,8,2010,165,117,2280,44220,540,0,0,39360,1.0625,0,74,67,59,100,89,100,60,78,100
7/31/22,77,87,86,58,86,58,81,63,29700,34620,4920,6540,19320,3840,35,86,480,17520,2022-07-30T23:21:23-07:00,2022-07-31T08:58:23-07:00,54.19,50,61,0.02,0.03,12.375,50,100,100,1,1,3,36,2077,752,604,6000,33780,1980,0,0,44640,1.125,0,80,80,67,None,92,100,88,81,87
8/1/22,65,54,53,76,69,72,89,62,21150,26940,5790,4050,12060,5040,35,79,1140,13230,2022-08-01T00:34:21-07:00,2022-08-01T08:03:21-07:00,55.1,52,56,-0.04,0.03,12,75,100,100,25,40,95,727,2858,916,12235,8460,25560,2880,6960,0,42540,1.5625,0,74,58,64,None,98,100,70,80,96
8/2/22,52,54,41,53,58,59,48,43,21090,28500,7410,3180,14400,3510,37,74,2010,15090,2022-08-02T00:40:54-07:00,2022-08-02T08:35:54-07:00,57.29,53,62,-0.09,0,12.25,82,100,100,43,71,98,556,2647,96,9716,3540,24000,120,6240,0,52500,1.4375,0,64,35,60,None,94,100,62,82,67
8/3/22,46,41,20,50,55,54,67,39,17820,24540,6720,1530,12960,3330,38,73,180,11580,2022-08-03T01:47:38-07:00,2022-08-03T08:36:38-07:00,56.85,52,53,-0.21,-0.08,12.625,82,100,100,43,71,97,28,2071,614,438,4020,32760,840,300,0,48480,1.125,0,61,24,53,None,94,98,54,79,84
8/4/22,74,79,67,72,98,58,70,72,27720,29820,2100,5100,17880,4740,42,93,270,14820,2022-08-03T23:48:12-07:00,2022-08-04T08:05:12-07:00,55.25,51,61,-0.07,-0.09,11.875,82,100,100,43,71,96,6,2055,126,99,3840,23880,240,0,0,58440,1.125,0,78,74,58,None,98,100,82,82,100
8/5/22,52,48,31,53,76,49,75,42,19620,23880,4260,2460,13620,3540,48,82,390,11790,2022-08-05T01:37:03-07:00,2022-08-05T08:15:03-07:00,58.1,53,64,-0.14,-0.09,13.125,82,100,100,43,71,95,21,2081,454,248,7860,26820,780,120,0,50820,1.125,0,65,35,52,None,98,100,73,85,71
8/6/22,75,90,64,98,81,54,91,20,30540,36180,5640,4890,17820,7830,46,84,750,17490,2022-08-06T01:01:43-07:00,2022-08-06T11:04:43-07:00,54.92,51,63,0.08,0,12.125,81,100,100,43,71,88,166,2200,251,2945,3840,35520,480,1860,0,44700,1.1875,0,82,76,61,100,91,98,91,86,100
8/7/22,58,55,53,66,65,64,64,39,21420,27900,6480,4050,12990,4380,35,77,150,12420,2022-08-07T01:33:59-07:00,2022-08-07T09:18:59-07:00,54.94,50,60,0.04,0.05,12.625,68,70,60,43,71,61,142,2294,3122,2277,36360,36300,8220,240,0,5280,1.21875,3,72,46,57,None,91,100,100,86,67
8/8/22,51,55,44,66,34,63,81,3,21300,33300,12000,3360,13590,4350,36,64,480,13650,2022-08-08T03:51:54-04:00,2022-08-08T13:06:54-04:00,53.31,49,62,0.17,0.13,12.375,66,100,100,25,40,39,85,2131,1831,1456,10440,43920,4680,60,0,27300,1.125,0,72,33,56,86,89,91,100,86,79
8/9/22,73,95,75,69,79,55,78,16,31770,38400,6630,5700,21540,4530,43,83,450,19710,2022-08-09T00:51:33-04:00,2022-08-09T11:31:33-04:00,53.79,49,64,0.21,0.19,12,54,100,100,1,1,27,8,2021,149,119,2220,39480,480,0,0,44220,1.09375,0,83,73,66,None,88,87,100,87,100
8/10/22,63,73,51,73,58,53,67,49,26130,35280,9150,3870,17460,4800,39,74,180,15540,2022-08-10T00:22:02-04:00,2022-08-10T10:10:02-04:00,53.67,47,64,0.26,0.26,12,53,100,100,1,1,20,10,2050,249,132,3060,34080,540,0,0,48720,1.09375,0,78,55,69,100,83,82,96,88,68
8/11/22,68,77,73,52,69,61,94,33,27120,34440,7320,5580,18060,3480,37,79,990,17490,2022-08-11T00:21:05-04:00,2022-08-11T09:55:05-04:00,52.43,48,62,0.38,0.35,12.5,52,100,100,1,1,11,13,2042,303,137,11520,36000,1020,0,0,37860,1.09375,0,81,64,72,None,87,72,100,88,100
8/12/22,58,60,68,33,72,57,86,23,22830,28500,5670,5220,15330,2280,44,80,1170,13650,2022-08-12T01:51:02-04:00,2022-08-12T09:46:02-04:00,51.44,46,57,-0.17,0.19,12.5,51,100,100,1,1,5,1,2049,37,0,3120,24420,120,0,0,58740,1.125,0,72,46,69,None,85,99,93,87,55
8/13/22,56,57,60,74,72,52,64,11,21840,27420,5580,4620,12300,4920,42,80,120,13230,2022-08-13T03:06:47-04:00,2022-08-13T10:43:47-04:00,52.75,48,59,0.37,0.22,12.875,50,100,100,1,1,1,8,2041,201,117,11100,32040,480,0,0,42780,1.09375,0,77,42,66,None,85,73,100,86,100
8/14/22,64,66,67,97,72,59,78,10,24420,30360,5940,5070,12090,7260,40,80,450,14370,2022-08-14T02:57:03-04:00,2022-08-14T11:23:03-04:00,54.19,50,56,-0.01,0.18,12.75,50,100,100,1,1,3,39,2101,776,530,17760,32580,1980,180,0,33900,1.125,0,79,56,65,100,79,100,93,85,100
8/15/22,63,75,60,82,74,49,70,7,26730,33060,6330,4560,16770,5400,44,81,270,15420,2022-08-15T02:54:01-04:00,2022-08-15T12:05:01-04:00,53.86,48,58,0.13,0.19,12.375,51,100,100,1,1,5,21,2057,459,248,5820,37020,1080,120,0,42360,1.09375,0,78,55,68,94,82,94,100,85,75
8/16/22,63,81,61,52,72,52,70,17,28140,35280,7140,4650,20010,3480,46,80,240,16470,2022-08-16T01:38:57-04:00,2022-08-16T11:26:57-04:00,54.4,48,58,-0.04,0.1,11.75,51,100,100,1,1,8,25,2064,419,351,7260,33120,840,120,0,45060,1.125,0,76,55,72,None,81,100,100,84,67
8/17/22,62,72,52,92,72,46,75,11,25950,32340,6390,3930,15960,6060,51,80,390,15840,2022-08-17T02:25:05-04:00,2022-08-17T11:24:05-04:00,51.7,47,67,-0.15,0.02,12,51,100,100,1,1,8,21,2047,450,331,6000,38700,1320,60,0,40320,1.09375,0,78,53,73,None,81,100,100,86,76
8/18/22,66,79,72,74,65,54,81,16,27720,35940,8220,5430,17400,4890,44,77,510,16590,2022-08-18T01:39:07-04:00,2022-08-18T11:38:07-04:00,53.77,48,57,0,0,12.375,51,100,100,1,1,7,15,2048,309,288,6480,33120,840,60,0,45900,1.09375,0,82,60,76,None,81,100,100,85,100
8/19/22,56,54,31,92,79,55,70,12,21030,25440,4410,2460,12510,6060,41,83,240,12540,2022-08-19T03:11:26-04:00,2022-08-19T10:15:26-04:00,52.33,48,65,-0.14,-0.01,12.375,51,100,100,1,1,8,24,2067,455,352,6000,29400,960,120,0,49920,1.125,0,71,42,71,None,81,100,100,86,38
8/20/22,65,71,58,72,72,55,97,16,25590,31920,6330,4410,16440,4740,42,80,930,14400,2022-08-20T02:15:37-04:00,2022-08-20T11:07:37-04:00,52.37,48,68,0.1,0.05,12.625,51,100,100,1,1,6,5,2022,94,68,5220,37320,300,0,0,43560,1.09375,0,81,58,71,None,82,97,100,88,100
8/21/22,59,47,20,76,88,59,70,79,19440,22320,2880,1620,12780,5040,35,87,240,11400,2022-08-21T00:30:00-04:00,2022-08-21T06:42:00-04:00,53.86,47,67,-0.06,0.05,12.5,51,100,100,1,1,4,3,2061,72,22,2700,19740,180,0,0,63780,1.125,0,66,48,63,None,82,100,100,89,1
8/22/22,66,69,78,73,74,57,89,23,25020,30780,5760,5940,14310,4770,40,81,690,14880,2022-08-22T01:30:31-04:00,2022-08-22T10:03:31-04:00,53.66,50,57,-0.11,0.01,12.75,51,100,100,1,1,5,12,2045,202,180,2940,30420,300,60,0,52680,1.09375,0,76,60,62,None,82,100,85,87,100
8/23/22,63,64,56,93,51,57,94,23,23880,33420,9540,4260,13500,6120,37,71,780,15030,2022-08-23T01:27:31-04:00,2022-08-23T10:44:31-04:00,50.72,47,72,-0.16,-0.05,12.75,50,100,100,1,1,3,6,2038,139,27,3540,34620,540,0,0,47700,1.09375,0,78,55,60,None,83,99,100,89,100
8/24/22,67,73,64,73,79,53,89,30,26040,31560,5520,4860,16410,4770,42,83,690,14970,2022-08-24T01:09:28-04:00,2022-08-24T09:55:28-04:00,52.98,48,61,-0.11,-0.07,12.625,51,100,100,1,1,4,16,2063,323,241,3960,25980,540,120,0,55800,1.125,0,80,62,63,None,83,100,100,89,100
8/25/22,57,66,44,60,55,47,99,12,24390,33420,9030,3330,17100,3960,50,73,900,15120,2022-08-25T02:30:02-04:00,2022-08-25T11:47:02-04:00,53.1,48,62,0,-0.02,12.625,51,100,100,1,1,3,18,2050,345,345,4620,34020,780,0,0,46980,1.09375,0,77,44,63,None,83,100,100,88,100
8/26/22,51,57,52,50,55,59,48,15,21810,29700,7890,3990,14460,3360,34,73,2040,14340,2022-08-26T02:27:41-04:00,2022-08-26T10:42:41-04:00,54.82,48,62,0.06,0.05,12.75,50,100,100,1,1,3,16,2062,304,269,2760,27600,780,0,0,55260,1.125,0,70,33,60,None,83,100,100,88,69
8/27/22,42,38,19,61,53,49,67,14,17040,23520,6480,1470,11520,4050,37,72,210,11670,2022-08-27T03:17:50-04:00,2022-08-27T09:49:50-04:00,59.5,51,52,-0.13,0.04,13.25,68,100,100,25,40,53,332,2395,127,5400,6120,28140,180,2760,0,49200,1.3125,0,53,17,50,None,84,100,75,86,1
8/28/22,71,85,96,69,79,57,70,14,29370,35580,6210,7440,17370,4560,39,83,270,17670,2022-08-28T01:38:22-04:00,2022-08-28T11:31:22-04:00,53.58,49,70,-0.12,0,13,68,100,100,25,40,49,12,2032,211,193,3660,34620,660,0,0,47460,1.09375,0,78,69,57,None,85,100,93,87,100
8/29/22,56,62,63,71,62,55,40,22,23190,30420,7230,4770,13770,4650,44,76,2220,15300,2022-08-29T01:29:30-04:00,2022-08-29T09:56:30-04:00,51.27,48,70,-0.13,-0.02,12.625,67,100,100,25,40,44,6,2038,98,80,3720,31620,360,0,0,50700,1.09375,0,75,42,56,None,85,100,100,89,100
8/30/22,61,65,53,76,62,50,91,22,24150,31860,7710,4050,15090,5010,42,76,1080,14640,2022-08-30T01:40:36-04:00,2022-08-30T10:31:36-04:00,51.83,48,63,-0.23,-0.07,12.875,66,100,100,25,40,39,13,2046,230,198,3480,31980,780,60,0,50100,1.09375,0,76,51,57,None,85,97,100,88,100
8/31/22,57,56,41,74,67,61,83,22,21780,27840,6060,3180,13710,4890,38,78,540,13800,2022-08-31T01:50:35-04:00,2022-08-31T09:34:35-04:00,53.42,47,59,-0.07,-0.05,12.875,65,100,100,25,40,30,13,2053,258,236,5160,29280,780,0,0,51180,1.125,0,68,44,55,None,85,100,100,88,37
9/1/22,64,71,56,72,67,62,78,20,25470,32460,6990,4230,16530,4710,38,78,1350,16080,2022-09-01T01:28:20-04:00,2022-09-01T10:29:20-04:00,52.72,48,57,-0.01,0,12.5,63,100,100,25,40,19,7,2045,117,89,3060,31080,780,0,0,51480,1.09375,0,77,56,58,None,85,100,100,86,100
9/2/22,68,73,79,96,74,57,75,18,26070,32340,6270,6000,13350,6720,39,81,390,15450,2022-09-02T01:46:07-04:00,2022-09-02T10:45:07-04:00,53.7,50,61,0.03,0.07,12.75,62,100,100,25,40,9,0,2025,21,0,2700,32640,0,0,0,51060,1.09375,0,76,64,61,None,85,100,83,86,100
9/3/22,65,73,67,86,72,57,64,17,26280,32820,6540,5070,15600,5610,39,80,150,15720,2022-09-03T01:52:24-04:00,2022-09-03T10:59:24-04:00,51.95,48,61,-0.23,0,12.875,50,100,100,1,1,1,9,2033,166,128,2940,35820,660,0,0,46980,1.09375,0,79,58,64,None,84,97,100,86,100
9/4/22,68,77,89,88,55,55,72,21,27240,37140,9900,6780,14730,5730,41,73,1500,18000,2022-09-04T00:45:44-04:00,2022-09-04T11:04:44-04:00,52.21,46,62,-0.02,-0.01,13,50,100,100,1,1,1,6,2040,170,52,2700,33420,540,0,0,49740,1.09375,0,82,64,68,100,79,100,99,86,100
9/5/22,59,64,34,96,55,61,67,20,23700,32580,8880,2640,14040,7020,32,73,180,13620,2022-09-05T02:05:37-04:00,2022-09-05T11:08:37-04:00,51.12,46,59,-0.13,-0.03,12.875,50,100,100,1,1,1,11,2040,195,164,6840,28020,660,0,0,50880,1.125,0,78,48,67,None,84,100,100,85,100
9/6/22,66,73,83,48,93,58,89,7,26280,29580,3300,6270,16770,3240,41,89,1140,14790,2022-09-06T03:07:53-04:00,2022-09-06T11:20:53-04:00,55.16,51,54,-0.14,-0.03,12.25,50,100,100,1,1,2,19,2023,405,331,4200,35880,780,120,0,45420,1.09375,0,75,60,69,None,84,100,72,81,100
9/7/22,55,60,23,78,51,52,72,39,22860,32340,9480,1860,15870,5130,44,71,1470,14220,2022-09-07T01:04:18-04:00,2022-09-07T10:03:18-04:00,50.84,45,68,0.04,0,12.5,50,100,100,1,1,2,4,2022,89,72,2040,29220,240,0,0,54900,1.09375,0,73,40,67,None,84,100,96,85,74
9/8/22,57,61,46,82,67,51,64,24,23040,29700,6660,3510,14130,5400,47,78,150,13950,2022-09-08T01:39:03-04:00,2022-09-08T09:54:03-04:00,50.27,46,75,0.08,0.09,12.75,50,100,100,1,1,2,4,2021,47,63,2340,29220,180,0,0,54660,1.09375,0,76,44,64,None,84,98,100,88,91
9/9/22,65,68,71,96,72,59,64,18,24780,31080,6300,5370,12390,7020,38,80,150,14130,2022-09-09T02:13:34-04:00,2022-09-09T10:51:34-04:00,51.52,47,61,-0.02,0.1,12.875,50,100,100,1,1,1,7,2024,178,48,3540,31440,480,0,0,50940,1.09375,0,79,58,64,None,84,100,100,87,100
9/10/22,67,64,80,80,76,69,89,21,23790,29100,5310,6030,12480,5280,26,82,1140,14340,2022-09-10T01:50:20-04:00,2022-09-10T09:55:20-04:00,51.59,45,62,-0.02,0.07,12.375,50,100,100,1,1,1,8,2032,207,137,5040,28140,540,0,0,52680,1.125,0,73,62,63,None,84,100,98,87,49
9/11/22,69,79,72,97,76,60,70,13,27690,33720,6030,5460,15180,7050,37,82,270,16440,2022-09-11T02:00:29-04:00,2022-09-11T11:22:29-04:00,54.79,48,56,-0.19,-0.01,12.625,50,100,100,1,1,1,10,2029,248,67,5400,34500,780,0,0,45720,1.09375,0,75,65,67,None,84,98,94,86,57
9/12/22,58,59,43,89,67,60,67,19,22500,28980,6480,3270,13440,5790,37,78,180,13890,2022-09-12T02:08:19-04:00,2022-09-12T10:11:19-04:00,53.78,48,60,0.03,0,12.25,50,100,100,1,1,1,3,2024,75,18,3600,28920,60,0,0,53820,1.125,0,74,46,65,100,79,100,94,86,60
9/13/22,69,84,79,67,90,51,70,12,29040,32880,3840,5970,18690,4380,44,88,270,16080,2022-09-13T02:14:56-04:00,2022-09-13T11:22:56-04:00,53.81,49,61,0.01,0.04,12.75,50,100,100,1,1,1,1,2000,14,0,1020,35400,60,0,0,49920,1.09375,0,76,65,71,None,84,100,85,85,70
9/14/22,70,75,61,95,88,60,81,21,26610,30660,4050,4680,15510,6420,38,87,480,15120,2022-09-14T01:39:04-04:00,2022-09-14T10:10:04-04:00,51.42,47,67,-0.09,0.03,12.625,50,100,100,1,1,1,2,2011,59,7,1440,30900,120,0,0,53940,1.09375,0,83,67,73,None,84,100,100,86,100
9/15/22,59,70,54,66,51,52,78,18,25170,35280,10110,4140,16710,4320,42,71,450,16800,2022-09-15T01:28:08-04:00,2022-09-15T11:16:08-04:00,52.37,47,66,-0.12,-0.01,12.75,50,100,100,1,1,1,3,2007,61,26,2640,35940,240,0,0,47580,1.09375,0,77,48,73,None,84,100,100,87,70
9/16/22,70,82,91,84,67,59,67,19,28290,36420,8130,6870,15960,5460,36,78,180,16410,2022-09-16T01:29:02-04:00,2022-09-16T11:36:02-04:00,55.03,50,59,0.21,0.08,12.5,50,100,100,1,1,1,3,2015,65,57,840,31980,120,0,0,53460,1.09375,0,80,67,77,None,84,86,76,86,97
9/17/22,58,63,58,67,65,58,67,13,23310,30300,6990,4440,14520,4350,37,77,180,14250,2022-09-17T02:41:48-04:00,2022-09-17T11:06:48-04:00,56.07,51,52,-0.27,0.02,12.375,50,100,100,1,1,3,38,2066,720,520,5100,32400,2160,120,0,46620,1.125,0,74,46,74,None,84,96,68,83,100
9/18/22,64,78,64,52,79,61,70,10,27330,33120,5790,4830,19050,3450,37,83,240,16590,2022-09-18T02:16:00-04:00,2022-09-18T11:28:00-04:00,54.36,48,56,-0.06,-0.02,12.375,50,100,100,1,1,3,9,2014,142,155,3840,34380,540,0,0,47640,1.09375,0,75,56,76,None,84,100,95,81,50
9/19/22,58,62,52,81,62,53,70,22,23220,30600,7380,3930,14040,5250,44,76,270,15120,2022-09-19T01:32:38-04:00,2022-09-19T10:02:38-04:00,54.87,50,58,0.18,0.05,12.75,50,100,100,1,1,2,14,2055,303,205,6660,24900,840,0,0,54000,1.125,0,75,46,73,None,84,90,78,80,100
9/20/22,57,63,33,90,60,55,75,6,23430,31440,8010,2580,15000,5850,43,75,390,15330,2022-09-20T03:01:44-04:00,2022-09-20T11:45:44-04:00,55.05,50,59,0.06,0.14,12.75,50,100,100,1,1,2,3,2005,94,23,3540,36360,240,0,0,46260,1.09375,0,73,44,70,None,84,100,78,79,100
9/21/22,61,58,44,97,55,69,72,33,22200,30420,8220,3330,11490,7380,26,73,300,13800,2022-09-21T01:22:40-04:00,2022-09-21T09:49:40-04:00,53.52,48,71,0.01,0.12,12.5,50,100,100,1,1,3,36,2083,727,585,8280,28620,2040,60,0,47400,1.15625,0,72,51,66,None,84,100,95,84,55
9/22/22,63,78,64,70,69,52,70,9,27300,34500,7200,4830,17880,4590,41,79,270,17370,2022-09-22T02:11:15-04:00,2022-09-22T11:46:15-04:00,54.22,50,65,-0.06,0.05,12.375,50,100,100,1,1,2,9,2025,155,166,4260,30660,420,0,0,51060,1.09375,0,78,55,69,100,80,100,78,85,100
9/23/22,50,56,38,55,58,43,75,13,21540,29280,7740,2940,14970,3630,50,74,360,14190,2022-09-23T02:42:21-04:00,2022-09-23T10:50:21-04:00,52.19,49,63,-0.12,0,12.5,50,100,100,1,1,2,83,2183,1608,1162,9720,24540,5820,60,0,46260,1.21875,0,71,31,64,None,83,100,86,86,94
9/24/22,55,56,64,68,81,35,94,1,21540,25560,4020,4860,12270,4410,49,84,780,12270,2022-09-24T04:52:13-04:00,2022-09-24T11:58:13-04:00,56.39,52,55,-0.05,-0.01,12.75,50,100,100,1,1,2,14,2041,338,148,8160,30060,1260,0,0,46920,1.125,0,66,40,59,None,84,100,60,84,85
9/25/22,53,62,40,55,58,54,67,11,23220,31200,7980,3120,16470,3630,45,74,210,14310,2022-09-25T02:50:46-04:00,2022-09-25T11:30:46-04:00,53.98,47,63,-0.11,-0.02,12.5,50,100,100,1,1,3,15,2023,312,211,2100,33960,600,60,0,49680,1.09375,0,69,37,57,None,83,100,100,85,59
9/26/22,62,65,54,67,81,61,83,19,24030,28620,4590,4110,15540,4380,35,84,540,13650,2022-09-26T02:15:18-04:00,2022-09-26T10:12:18-04:00,55,50,58,-0.12,-0.04,12.5,50,100,100,1,1,2,9,2029,180,142,4560,28860,540,0,0,52440,1.125,0,71,53,57,None,83,100,78,84,95
9/27/22,57,71,43,67,60,46,70,13,25470,33900,8430,3270,17820,4380,48,75,270,15270,2022-09-27T02:19:48-04:00,2022-09-27T11:44:48-04:00,52.19,46,69,-0.17,-0.08,12.125,50,100,100,1,1,2,10,2040,205,131,6000,28380,720,0,0,51300,1.125,0,75,44,60,None,83,99,100,86,100
9/29/22,62,69,39,69,65,48,72,58,24990,32640,7650,2970,17520,4500,47,77,300,15750,2022-09-29T00:00:22-04:00,2022-09-29T09:04:22-04:00,53.52,48,64,0.07,0.07,11.875,60,100,100,1,40,42,3,2020,72,34,3240,29100,240,0,0,53820,1.09375,0,68,53,42,None,84,99,94,87,70
9/30/22,60,76,54,69,51,51,56,29,26850,37560,10710,4140,18240,4470,43,71,1830,17280,2022-09-30T00:32:29-04:00,2022-09-30T10:58:29-04:00,53.49,47,67,-0.06,0.07,12.5,60,100,100,1,40,38,9,2023,194,105,4020,33960,660,0,0,47760,1.09375,0,73,49,48,None,84,100,100,88,94
10/1/22,51,59,23,69,44,52,64,29,22320,33060,10740,1830,15960,4530,43,68,150,13020,2022-10-01T01:43:31-04:00,2022-10-01T10:54:31-04:00,51.09,47,67,0.19,0.12,12.875,71,100,100,1,71,92,495,2598,4504,8968,8040,28380,3000,6240,0,40740,1.40625,0,70,33,47,None,84,89,100,88,100
10/2/22,65,64,83,93,76,66,67,10,23820,28920,5100,6270,11520,6030,35,82,210,13950,2022-10-02T03:00:43-04:00,2022-10-02T11:02:43-04:00,52.46,47,70,-0.08,0.08,12.625,69,100,100,1,71,81,5,2008,107,84,5880,34920,360,0,0,45240,1.09375,0,73,58,48,None,89,100,100,89,80
10/3/22,55,61,44,63,53,50,72,34,22800,31860,9060,3360,15330,4110,49,72,300,14190,2022-10-03T01:13:11-04:00,2022-10-03T10:04:11-04:00,51.3,46,62,-0.22,-0.03,12.5,70,100,95,1,71,90,183,2225,105,3159,5280,29040,240,1920,0,49920,1.21875,1,71,40,50,None,89,97,100,89,80
10/4/22,58,64,52,66,60,53,75,20,23730,31560,7830,3930,15480,4320,43,75,360,14400,2022-10-04T01:51:49-04:00,2022-10-04T10:37:49-04:00,50.67,46,59,0.06,-0.02,12.125,68,100,100,1,71,74,5,2011,75,66,2100,33960,420,0,0,49920,1.09375,0,77,46,52,100,91,99,100,88,93
10/5/22,63,62,58,92,65,40,86,46,23130,29940,6810,4410,12750,5970,43,77,600,13350,2022-10-05T01:03:42-04:00,2022-10-05T09:22:42-04:00,50.56,46,59,-0.28,-0.08,12.25,63,100,100,1,40,57,11,2038,249,167,2940,27900,480,60,0,55020,1.125,0,71,55,53,None,91,96,100,87,54
10/6/22,52,52,35,63,51,55,67,34,20490,28980,8490,2760,13620,4110,42,71,180,12480,2022-10-06T01:43:14-04:00,2022-10-06T09:46:14-04:00,51.13,47,54,-0.16,-0.12,12.5,78,100,100,25,71,96,611,2656,82,9213,2280,27000,120,0,3180,53820,1.4375,0,70,35,50,None,88,99,100,84,89
10/7/22,56,61,54,76,51,55,70,17,22860,31980,9120,4110,13770,4980,43,71,270,15120,2022-10-07T02:01:16-04:00,2022-10-07T10:54:16-04:00,50.64,47,56,-0.28,-0.19,12.375,78,100,100,25,71,95,20,2031,391,289,5400,39180,960,120,0,40740,1.09375,0,71,42,49,60,96,95,100,81,100
10/8/22,54,34,14,54,88,64,67,100,15840,18300,2460,1140,11100,3600,33,87,180,8820,2022-10-08T00:17:27-04:00,2022-10-08T05:22:27-04:00,51.6,47,59,-0.22,-0.18,12,72,100,100,25,40,80,2,2049,43,8,2580,17280,120,0,0,66420,1.125,0,60,39,41,None,88,98,100,80,20
10/9/22,69,75,70,96,51,52,91,46,26430,37140,10710,5340,14460,6630,44,71,1080,16380,2022-10-09T00:12:42-04:00,2022-10-09T10:31:42-04:00,52.43,48,55,-0.38,-0.23,12.25,70,100,100,25,40,65,3,2025,80,12,2220,29880,240,0,0,54060,1.09375,0,72,65,46,None,87,92,91,77,100
10/10/22,58,53,57,88,60,60,72,23,20700,27720,7020,4350,10590,5760,43,75,300,12870,2022-10-10T02:03:25-04:00,2022-10-10T09:45:25-04:00,51.02,46,64,-0.13,-0.18,12.625,67,100,100,25,40,47,4,2022,110,33,2700,31200,300,0,0,52200,1.09375,0,70,46,44,None,87,100,100,80,94
10/11/22,58,65,47,54,69,50,67,46,24000,30240,6240,3600,16800,3600,46,79,210,13470,2022-10-11T01:01:39-04:00,2022-10-11T09:25:39-04:00,50.97,46,60,-0.16,-0.14,12.5,65,100,100,25,40,30,4,2028,79,34,2100,27780,300,0,0,56220,1.125,0,70,46,46,None,86,99,100,80,91
10/12/22,68,75,68,99,55,62,81,19,26700,36720,10020,5190,13320,8190,33,73,510,15660,2022-10-12T01:39:25-04:00,2022-10-12T11:51:25-04:00,50.89,45,67,0.14,0.01,12.625,63,100,100,25,40,15,7,2011,185,106,3240,35700,420,0,0,47040,1.09375,0,77,64,53,None,86,93,100,84,100
10/13/22,63,71,43,96,62,53,81,17,25410,33600,8190,3270,15480,6660,45,76,510,15390,2022-10-13T01:56:31-04:00,2022-10-13T11:16:31-04:00,54.12,50,63,0.15,0.13,12.75,51,100,100,1,1,7,41,2053,131,746,3360,34560,660,540,0,47280,1.125,0,71,55,57,None,85,92,70,85,100
10/14/22,74,84,72,100,76,57,97,16,28860,35160,6300,5460,13590,9810,38,82,960,17280,2022-10-14T01:29:53-04:00,2022-10-14T11:15:53-04:00,49.63,45,73,-0.14,0.08,11.875,50,100,95,1,1,7,12,2026,318,158,11040,33660,900,0,0,40800,1.09375,1,82,74,64,None,85,100,100,87,100
10/15/22,60,70,54,62,76,53,70,16,25350,30780,5430,4140,17160,4050,40,82,240,15690,2022-10-15T01:55:21-04:00,2022-10-15T10:28:21-04:00,51.07,47,64,-0.14,-0.02,11.875,51,100,100,1,1,6,16,2040,338,221,6660,29820,1080,0,0,48840,1.125,0,78,49,67,None,84,100,96,87,99
10/16/22,65,72,70,98,67,57,81,1,25710,33000,7290,5340,12750,7620,35,78,480,15660,2022-10-16T03:30:31-04:00,2022-10-16T12:40:31-04:00,51.56,47,63,-0.17,-0.1,11.875,51,100,100,1,1,7,21,2018,382,337,3900,41400,840,120,0,40140,1.09375,0,79,58,69,None,83,99,96,87,90
10/17/22,62,70,68,81,51,55,70,18,25260,35520,10260,5190,14790,5280,38,71,1560,17430,2022-10-17T01:18:21-04:00,2022-10-17T11:10:21-04:00,50.72,45,66,-0.02,-0.05,12.25,51,100,100,1,1,5,9,2036,210,106,11400,29520,720,0,0,44760,1.125,0,80,53,70,None,83,100,100,88,100
10/18/22,53,43,34,76,88,67,70,8,18180,20820,2640,2610,10620,4950,36,87,240,9990,2022-10-18T04:21:32-04:00,2022-10-18T10:08:32-04:00,51.06,47,59,0.08,0.03,11.5,54,100,100,1,1,30,217,2242,166,3867,4500,31080,1980,1200,0,47640,1.21875,0,69,37,62,100,79,98,95,87,31
10/19/22,59,52,28,100,69,72,81,23,20640,26100,5460,2190,8220,10230,29,79,510,12120,2022-10-19T02:16:56-04:00,2022-10-19T09:31:56-04:00,49.34,45,73,0.06,0.09,11.875,54,100,100,1,1,28,6,2023,93,71,2880,29040,540,0,0,53940,1.09375,0,71,48,56,None,83,100,100,89,63
10/20/22,66,74,52,98,55,60,91,21,26250,35820,9570,3960,14670,7620,33,73,1050,16200,2022-10-20T01:16:57-04:00,2022-10-20T11:13:57-04:00,50.15,46,59,0.06,0.1,12.25,54,100,100,1,1,26,14,2057,220,208,5940,26160,720,60,0,53520,1.125,0,80,60,59,100,79,100,100,88,100
10/21/22,50,49,33,79,58,56,70,1,19710,26700,6990,2550,12030,5130,43,74,270,12690,2022-10-21T05:32:49-04:00,2022-10-21T12:57:49-04:00,54.25,48,54,0.12,0.13,12.625,53,100,95,1,1,23,19,2051,385,188,8040,30840,900,60,0,46560,1.125,1,63,31,53,None,83,94,85,86,49
10/22/22,58,65,35,97,48,62,67,8,24030,34200,10170,2730,13920,7380,38,70,180,14100,2022-10-22T03:12:07-04:00,2022-10-22T12:42:07-04:00,50.99,46,57,0.07,0.14,12.375,52,100,100,1,1,16,2,1998,51,0,1620,39540,60,0,0,45180,1.09375,0,76,46,53,100,79,99,100,84,100
10/24/22,84,99,76,96,69,52,72,100,33390,42240,8850,5730,21180,6480,42,79,330,19680,2022-10-23T21:31:02-07:00,2022-10-24T09:15:02-07:00,53.1,48,51,-0.2,0.01,12,55,100,100,1,1,33,270,2340,5889,5333,6840,28620,6600,1440,0,42900,1.28125,0,76,92,49,None,84,98,86,74,100
10/25/22,42,34,16,37,48,50,81,41,15780,22440,6660,1230,12060,2490,44,70,1320,11370,2022-10-25T01:47:48-07:00,2022-10-25T08:01:48-07:00,55,48,53,0.01,0,12.5,56,100,100,1,1,37,117,2102,2529,2248,9480,51960,2880,900,0,21180,1.09375,0,52,17,40,None,86,100,86,71,20
10/26/22,60,66,48,61,53,70,70,27,24180,33420,9240,3720,16440,4020,36,72,240,15780,2022-10-26T01:02:02-04:00,2022-10-26T10:19:02-04:00,51.83,46,59,-0.01,0.01,11.75,55,100,100,1,1,33,3,2022,51,44,1080,29280,180,0,0,55860,1.09375,0,66,49,42,None,87,100,100,71,75
10/27/22,67,75,66,96,65,61,72,14,26640,34440,7800,5040,14850,6750,34,77,330,16500,2022-10-27T01:53:05-04:00,2022-10-27T11:27:05-04:00,51.58,46,55,0.01,0.05,12.75,54,100,100,1,1,29,3,2018,91,12,4200,32280,300,0,0,49620,1.09375,0,71,62,48,None,87,100,100,70,83
10/28/22,59,49,43,98,72,72,78,21,19830,24900,5070,3270,8520,8040,27,80,450,11640,2022-10-28T02:36:42-04:00,2022-10-28T09:31:42-04:00,48.94,45,59,-0.23,-0.03,12.125,53,100,100,1,1,22,2,2035,56,4,6180,22440,180,0,0,57600,1.125,0,69,48,45,100,82,97,100,71,63
10/29/22,51,45,39,79,55,61,70,14,18780,25680,6900,2970,10650,5160,35,73,240,11730,2022-10-29T03:15:06-04:00,2022-10-29T10:23:06-04:00,51.1,46,52,-0.14,-0.09,12.25,55,100,100,1,1,34,148,2181,3698,2737,5280,31800,1620,1800,0,45900,1.1875,0,60,33,40,None,86,100,100,69,48
10/30/22,72,90,80,99,60,59,67,12,30540,40560,10020,6030,16260,8250,37,75,180,17550,2022-10-30T01:51:02-04:00,2022-10-30T13:07:02-04:00,52.23,47,55,0.16,0,12.625,54,100,100,1,1,29,4,2000,158,40,4020,40380,300,0,0,41700,1.09375,0,73,71,52,None,87,91,94,69,89
10/31/22,51,56,35,60,48,50,70,22,21570,30720,9150,2730,14910,3930,44,70,270,14220,2022-10-31T01:44:59-04:00,2022-10-31T10:16:59-04:00,51.4,47,60,-0.05,0.06,12.5,54,100,100,1,1,23,3,2031,58,30,780,26940,180,0,0,58500,1.125,0,64,33,51,None,86,100,94,71,66
11/1/22,60,70,63,57,60,49,97,6,25230,33540,8310,4800,16650,3780,45,75,930,16860,2022-11-01T02:37:10-04:00,2022-11-01T11:56:10-04:00,53.59,47,51,-0.03,0.04,12.5,53,100,100,1,1,18,10,2018,269,85,7440,37020,960,0,0,40980,1.09375,0,68,49,55,None,86,100,94,68,72
11/2/22,55,67,38,46,69,49,67,22,24450,31080,6630,2910,18480,3060,43,79,210,15390,2022-11-02T01:23:54-04:00,2022-11-02T10:01:54-04:00,50.65,46,64,0.01,0.02,12,52,100,100,1,1,13,2,2018,50,4,4320,29880,120,0,0,52080,1.09375,0,67,40,57,None,85,100,100,74,58
11/3/22,51,46,25,77,72,51,70,27,18960,23640,4680,1980,11970,5010,43,80,270,11610,2022-11-03T02:11:03-04:00,2022-11-03T08:45:03-04:00,51,48,65,-0.15,-0.02,12.875,51,100,100,1,1,7,184,2222,259,3677,7380,30120,3420,0,0,45480,1.21875,0,63,33,52,None,85,100,85,78,58
11/4/22,69,80,87,69,81,52,72,28,27750,33120,5370,6600,16650,4500,46,84,330,15960,2022-11-04T00:56:31-04:00,2022-11-04T10:08:31-04:00,53.07,48,52,-0.16,-0.08,12.125,51,100,100,1,1,5,29,2046,739,498,9840,33840,1680,120,0,40920,1.125,0,76,65,58,100,90,100,85,75,89
11/5/22,61,69,38,95,51,49,89,25,24990,35220,10230,2940,15810,6240,47,71,660,15690,2022-11-05T01:07:15-04:00,2022-11-05T10:54:15-04:00,51.38,47,64,0.07,-0.03,12.125,50,100,100,1,1,2,8,2039,192,145,6120,26700,420,0,0,53160,1.125,0,75,51,60,None,85,99,94,80,100
11/6/22,51,49,49,58,44,52,91,17,19800,29100,9300,3780,12210,3810,45,68,1080,12600,2022-11-06T02:42:30-05:00,2022-11-06T10:47:30-05:00,57.92,53,47,0.18,0.1,12.625,50,100,100,1,1,2,2,2011,84,11,2100,36120,120,0,0,48060,1.09375,0,58,33,55,None,84,89,41,74,74
11/7/22,63,65,54,61,62,59,97,42,23880,31440,7560,4140,15750,3990,37,76,840,15210,2022-11-07T00:41:17-05:00,2022-11-07T09:25:17-05:00,52.89,46,58,0.04,0.14,12.625,50,100,100,1,1,1,8,2039,179,48,5580,29700,600,0,0,50520,1.125,0,70,55,55,None,84,100,100,75,64
11/8/22,69,72,75,97,67,66,81,23,25740,33120,7380,5700,12510,7530,35,78,510,15900,2022-11-08T01:10:26-05:00,2022-11-08T10:22:26-05:00,52.5,47,51,0.08,0.12,12.625,75,100,100,25,40,95,696,2749,84,11032,5220,33720,180,1920,3120,42240,1.5,0,74,65,59,None,84,98,95,72,83
11/9/22,66,70,58,97,72,55,70,33,25260,31740,6480,4410,13800,7050,42,80,240,15390,2022-11-09T00:56:13-05:00,2022-11-09T09:45:13-05:00,55.12,49,59,-0.12,0.03,12.375,74,100,100,25,40,93,6,2025,131,34,2400,31860,600,0,0,51540,1.09375,0,70,60,61,None,89,100,78,74,70
11/11/22,37,43,19,69,32,54,7,14,18150,28620,10470,1470,12120,4560,40,63,3900,15060,2022-11-11T02:19:51-05:00,2022-11-11T10:16:51-05:00,53.3,48,56,-0.02,0,12.125,71,100,100,25,40,70,18,2070,422,268,7500,24660,900,60,0,53280,1.15625,0,65,8,60,None,88,100,86,74,93
11/12/22,61,64,66,81,67,54,83,4,23670,30420,6750,5010,13380,5280,44,78,570,14610,2022-11-12T03:26:59-05:00,2022-11-12T11:53:59-05:00,51.51,47,55,-0.26,-0.1,12.625,68,100,100,25,40,53,9,2009,148,151,3900,37320,480,0,0,44700,1.09375,0,74,51,59,None,87,96,95,74,100
11/13/22,63,59,48,96,74,62,75,41,22320,27600,5280,3660,11970,6690,33,81,360,13170,2022-11-13T01:17:36-05:00,2022-11-13T08:57:36-05:00,53.03,48,58,0.12,-0.02,11.875,82,100,100,43,71,97,923,3027,37,17325,1920,29340,120,12900,0,42120,1.65625,0,68,55,57,None,86,95,86,76,61
11/14/22,67,71,69,76,65,59,94,31,25530,33180,7650,5250,15300,4980,34,77,990,16380,2022-11-14T00:43:26-05:00,2022-11-14T09:56:26-05:00,53.86,49,54,0.03,0.04,12,82,100,100,43,71,97,7,2023,105,134,3120,31620,480,0,0,51180,1.09375,0,72,62,59,None,95,100,78,74,82
11/15/22,64,76,71,88,62,36,75,25,26790,35100,8310,5400,15660,5730,45,76,390,17520,2022-11-15T00:36:43-05:00,2022-11-15T10:21:43-05:00,52.49,47,59,0.08,0.1,12.25,78,100,100,25,71,97,243,2267,180,4057,2700,34320,780,2160,0,46440,1.21875,0,77,56,63,None,94,98,95,76,100
11/16/22,61,69,25,76,74,45,99,33,24960,30840,5880,1950,18060,4950,48,81,900,14790,2022-11-16T01:06:25-05:00,2022-11-16T09:40:25-05:00,51.76,47,72,0.13,0.13,12.125,78,99,100,25,71,96,135,2236,3406,2308,19620,26400,7020,540,0,32820,1.21875,0,75,51,64,None,94,94,95,85,75
11/17/22,41,25,16,40,88,50,72,34,13290,15240,1950,1230,9360,2700,46,87,300,7440,2022-11-17T03:07:26-05:00,2022-11-17T07:21:26-05:00,53.78,49,68,-0.19,0.03,12.125,78,100,100,25,71,95,34,2100,715,548,7080,20340,2340,0,0,56640,1.15625,0,61,15,49,93,93,98,78,87,30
11/18/22,60,68,50,78,65,48,81,19,24720,32220,7500,3840,15810,5070,51,77,480,14880,2022-11-18T01:53:15-05:00,2022-11-18T10:50:15-05:00,52.15,48,66,-0.14,-0.06,12.125,73,100,100,25,71,66,26,2052,510,369,4980,31680,1440,120,0,48180,1.125,0,73,49,51,None,92,100,86,88,100
11/19/22,65,79,51,91,67,54,70,14,27600,35340,7740,3900,17790,5910,39,78,240,16350,2022-11-19T01:57:00-05:00,2022-11-19T11:46:00-05:00,53.79,48,57,0.23,0.03,13,70,100,100,25,71,43,3,1870,44,62,0,27720,240,0,0,0,0.96875,0,73,58,57,None,90,85,86,87,82
1/19/22,,,,,,,,,,,,,,,,,,,,,,,,,,,60,100,100,1,40,39,14,2092,304,222,2700,13200,480,120,0,69900,1.15625,0,,,,,,,,,
1/25/22,,,,,,,,,,,,,,,,,,,,,,,,,,,51,100,100,1,1,10,41,2115,725,574,8040,29400,1800,180,0,46980,1.15625,0,,,,,,,,,
2/27/22,,,,,,,,,,,,,,,,,,,,,,,,,,,53,100,100,1,1,22,107,2242,2236,1772,9660,13680,6840,0,0,56220,1.25,0,,,,,,,,,
3/12/22,,,,,,,,,,,,,,,,,,,,,,,,,,,67,100,100,25,40,42,45,2129,976,846,3000,16140,2700,0,0,64560,1.1875,0,,,,,,,,,
3/19/22,,,,,,,,,,,,,,,,,,,,,,,,,,,47,48,100,1,1,32,266,2488,5955,4718,25080,5160,11160,1140,0,43860,1.375,0,,,,,,,,,
3/20/22,,,,,,,,,,,,,,,,,,,,,,,,,,,75,100,100,25,40,100,1425,3630,149,25908,2580,13500,720,18180,0,51420,1.96875,0,,,,,,,,,
9/28/22,,,,,,,,,,,,,,,,,,,,,,,,,,,61,100,100,1,40,45,268,2307,61,4011,4920,25860,120,0,1320,54180,1.25,0,,,,,,,,,
10/23/22,,,,,,,,,,,,,,,,,,,,,,,,,,,53,100,100,1,1,21,145,2194,3551,2737,10620,29640,5160,600,60,40320,1.1875,0,,,,,,,,,
11/10/22,,,,,,,,,,,,,,,,,,,,,,,,,,,73,100,100,25,40,83,12,2041,290,184,4140,28320,600,60,0,53280,1.125,0,,,,,,,,,